ID,Sección,Tipo,Referencia,Fecha,Estado de carga,Estatus según radar,Fuentes,Nota
RAD-001,"12.1 Constitución, leyes, PND y reglamentos",Decreto constitucional,Áreas y empresas estratégicas,31 oct 2024,Cargado,Vigente,https://sidof.segob.gob.mx/notas/5742012 | https://sidof.segob.gob.mx/notas/docFuente/5742012,"Incorporado y cotejado con la fuente oficial el 19 de septiembre de 2026. Se conserva la publicación, no un texto consolidado; no se certifica vigencia. Evidencia: incorporacion-complementos-2026-09-19/VERIFICACION.json."
RAD-002,"12.1 Constitución, leyes, PND y reglamentos",Decreto constitucional,Simplificación orgánica; transferencia de funciones regulatorias,20 dic 2024,Cargado,Vigente,https://sidof.segob.gob.mx/notas/5745905 | https://sidof.segob.gob.mx/notas/docFuente/5745905,"Incorporado y cotejado con la fuente oficial el 19 de septiembre de 2026. Se conserva la publicación, no un texto consolidado; no se certifica vigencia. Evidencia: incorporacion-complementos-2026-09-19/VERIFICACION.json."
RAD-003,"12.1 Constitución, leyes, PND y reglamentos",Decreto legislativo,"Ocho leyes energéticas, Fondo Mexicano del Petróleo y LOAPF",18 mar 2025,Cargado,Vigente,https://sidof.segob.gob.mx/notas/5752329 | https://sidof.segob.gob.mx/notas/docFuente/5752329,"Incorporado y cotejado con la fuente oficial el 19 de septiembre de 2026. Se conserva la publicación, no un texto consolidado; no se certifica vigencia. Evidencia: incorporacion-cierre-prioridades-2026-09-19/VERIFICACION.json. Cobertura del decreto completada: ocho leyes en sus fichas anteriores y artículos Noveno y Décimo (FMP y LOAPF), sus transitorios y cierre común en la nueva ficha."
RAD-004,"12.1 Constitución, leyes, PND y reglamentos",Decreto legislativo,Reforma a la Ley de Ingresos sobre Hidrocarburos,18 mar 2025,Cargado,Vigente,https://sidof.segob.gob.mx/notas/5752330 | https://sidof.segob.gob.mx/notas/docFuente/5752330,"Incorporado y cotejado con la fuente oficial el 19 de septiembre de 2026. Se conserva la publicación, no un texto consolidado; no se certifica vigencia. Evidencia: incorporacion-complementos-2026-09-19/VERIFICACION.json."
RAD-005,"12.1 Constitución, leyes, PND y reglamentos",Decreto,Aprueba PND 2025-2030,15 abr 2025,Por cotejar e incorporar,Vigente,https://sidof.segob.gob.mx/notas/5755161,Referencia del radar; cotejar fuente completa y vigencia antes de procesar.
RAD-006,"12.1 Constitución, leyes, PND y reglamentos",Plan,Texto del PND 2025-2030,15 abr 2025,Por cotejar e incorporar,Vigente,https://sidof.segob.gob.mx/notas/5755162,Referencia del radar; cotejar fuente completa y vigencia antes de procesar.
RAD-007,"12.1 Constitución, leyes, PND y reglamentos",Reglamento interior,Reglamento Interior de la SENER,17 abr 2025,Cargado,Vigente,https://sidof.segob.gob.mx/notas/5755222,Correspondencia de instrumento verificada contra el catálogo actual; no se deduce solo de la URL.
RAD-008,"12.1 Constitución, leyes, PND y reglamentos",Reglamento interior,Reglamento Interior de la CNE,8 may 2025,Cargado,Vigente,https://sidof.segob.gob.mx/notas/5756757,Correspondencia de instrumento verificada contra el catálogo actual; no se deduce solo de la URL.
RAD-009,"12.1 Constitución, leyes, PND y reglamentos",Reglamento,Ley del Sector Hidrocarburos,3 oct 2025,Cargado,Vigente,https://sidof.segob.gob.mx/notas/5769153,Correspondencia de instrumento verificada contra el catálogo actual; no se deduce solo de la URL.
RAD-010,"12.1 Constitución, leyes, PND y reglamentos",Reglamento,Ley de Geotermia,3 oct 2025,Cargado,Vigente,https://sidof.segob.gob.mx/notas/5769154,Correspondencia de instrumento verificada contra el catálogo actual; no se deduce solo de la URL.
RAD-011,"12.1 Constitución, leyes, PND y reglamentos",Reglamento,Ley del Sector Eléctrico,3 oct 2025,Cargado,Vigente,https://sidof.segob.gob.mx/notas/5769155,Correspondencia de instrumento verificada contra el catálogo actual; no se deduce solo de la URL.
RAD-012,"12.1 Constitución, leyes, PND y reglamentos",Reglamento,Ley de Biocombustibles,3 oct 2025,Cargado,Vigente,https://sidof.segob.gob.mx/notas/5769156,Correspondencia de instrumento verificada contra el catálogo actual; no se deduce solo de la URL.
RAD-013,"12.1 Constitución, leyes, PND y reglamentos",Reglamento,Ley de Planeación y Transición Energética,3 oct 2025,Cargado,Vigente,https://sidof.segob.gob.mx/notas/5769157,Correspondencia de instrumento verificada contra el catálogo actual; no se deduce solo de la URL.
RAD-014,"12.1 Constitución, leyes, PND y reglamentos",Reforma reglamentaria,Reglamento de la Ley de Ingresos sobre Hidrocarburos,3 oct 2025,Cargado,Vigente,https://sidof.segob.gob.mx/notas/5769158 | https://sidof.segob.gob.mx/notas/docFuente/5769158,"Incorporado y cotejado con la fuente oficial el 19 de septiembre de 2026. Se conserva la publicación, no un texto consolidado; no se certifica vigencia. Evidencia: incorporacion-complementos-2026-09-19/VERIFICACION.json. La nota 5769158 contiene una REFORMA al reglamento, no su texto íntegro; se carga con esa identificación."
RAD-015,"12.1 Constitución, leyes, PND y reglamentos",Reglamento,"Ley de la Empresa Pública del Estado, CFE",2 dic 2025,Cargado,Vigente; fe de erratas posterior,https://sidof.segob.gob.mx/notas/5774837,Reglamento cargado con el artículo 68 corregido según la fe de erratas y un fragmento complementario que conserva esa publicación. PDF consolidado de Diputados cotejado.
RAD-016,"12.1 Constitución, leyes, PND y reglamentos",Fe de erratas,Reglamento de la Ley de CFE,29 dic 2025,Cargado,Integra el texto aplicable,https://sidof.segob.gob.mx/notas/5777392,"Fe de erratas incorporada como documento complementario de RLEPECFE y aplicada al artículo 68. Es cobertura dentro del reglamento, no un instrumento adicional en el catálogo."
RAD-017,"12.1 Constitución, leyes, PND y reglamentos",Reglamento,"Ley de la Empresa Pública del Estado, PEMEX",3 dic 2025,Cargado,Vigente,https://sidof.segob.gob.mx/notas/5775017,Correspondencia de instrumento verificada contra el catálogo actual; no se deduce solo de la URL.
RAD-018,"12.1 Constitución, leyes, PND y reglamentos",Manual,Manual de Organización General de la SENER,27 abr 2026,Por cotejar e incorporar,Vigente,https://sidof.segob.gob.mx/notas/5785999,Referencia del radar; cotejar fuente completa y vigencia antes de procesar.
RAD-019,"12.1 Constitución, leyes, PND y reglamentos",Manual,Manual de Organización General de la CNE,29 may 2026,Por cotejar e incorporar,Vigente,https://sidof.segob.gob.mx/notas/5788990,Referencia del radar; cotejar fuente completa y vigencia antes de procesar.
RAD-020,"12.1 Constitución, leyes, PND y reglamentos",Sentencia,Controversia constitucional 124/2025; límite de competencias municipales en hidrocarburos y electricidad,17 jul 2026,Por cotejar e incorporar,Publicada; invalidez con efectos desde la notificación al Congreso local,https://sidof.segob.gob.mx/notas/5793873,Referencia del radar; cotejar fuente completa y vigencia antes de procesar.
RAD-021,"12.2 SENER: planeación, transición e información",Acuerdo,Actualización de la Estrategia de Transición para Promover el Uso de Tecnologías y Combustibles más Limpios,23 ene 2024,Antecedente o efectos limitados,**Sin efectos**; el PROSENER indica que será sustituida,https://sidof.segob.gob.mx/notas/5714865,Conservar estado histórico y cotejar relación con el instrumento posterior.
RAD-022,"12.2 SENER: planeación, transición e información",Programa,PRODESEN 2024-2038,31 may 2024,Antecedente o efectos limitados,Antecedente del régimen previo,https://www.gob.mx/sener/articulos/programa-de-desarrollo-del-sistema-electrico-nacional-2024-2038 | https://www.cenace.gob.mx/Docs/16_MARCOREGULATORIO/Prodecen/20%202024-2038%20Cap%C3%ADtulos%201%20al%206.pdf,Conservar estado histórico y cotejar relación con el instrumento posterior.
RAD-023,"12.2 SENER: planeación, transición e información",Acuerdo modificatorio,Mercancías cuya importación y exportación regula SENER,18 sep 2024,Por cotejar e incorporar,Vigente/transitorio,https://sidof.segob.gob.mx/notas/5739205,Referencia del radar; cotejar fuente completa y vigencia antes de procesar.
RAD-024,"12.2 SENER: planeación, transición e información",Acuerdo / plan,PLADESE 2025-2039,17 oct 2025,Cargado,Publicado y rector del sector eléctrico,https://sidof.segob.gob.mx/notas/5770297 | https://sidof.segob.gob.mx/notas/docFuente/5770297,"Incorporado y cotejado con la fuente oficial el 19 de septiembre de 2026. Se conserva la publicación, no un texto consolidado; no se certifica vigencia. Evidencia: incorporacion-planeacion-2026-09-19/VERIFICACION.json."
RAD-025,"12.2 SENER: planeación, transición e información",DACG,Planeación vinculante en generación eléctrica,17 oct 2025,Cargado,Vigente,https://sidof.segob.gob.mx/notas/5770298,Correspondencia de instrumento verificada contra el catálogo actual; no se deduce solo de la URL.
RAD-026,"12.2 SENER: planeación, transición e información",Convocatoria,Primera atención prioritaria de permisos e interconexión,17 oct 2025,Cargado,Modificada tres veces,https://sidof.segob.gob.mx/notas/5770299,"Publicación oficial incorporada íntegramente como versión separada, con fecha DOF y nota editorial que enlaza el original y sus modificaciones. Calendarios y anexos conservados; no es texto consolidado ni acredita plazos abiertos."
RAD-027,"12.2 SENER: planeación, transición e información",Modificación,Primera convocatoria,24 oct 2025,Cargado,Integra requisitos y plazos,https://sidof.segob.gob.mx/notas/5770917,"Publicación oficial incorporada íntegramente como versión separada, con fecha DOF y nota editorial que enlaza el original y sus modificaciones. Calendarios y anexos conservados; no es texto consolidado ni acredita plazos abiertos."
RAD-028,"12.2 SENER: planeación, transición e información",Segunda modificación,Primera convocatoria,10 nov 2025,Cargado,Integra requisitos y plazos,https://sidof.segob.gob.mx/notas/5772392,"Publicación oficial incorporada íntegramente como versión separada, con fecha DOF y nota editorial que enlaza el original y sus modificaciones. Calendarios y anexos conservados; no es texto consolidado ni acredita plazos abiertos."
RAD-029,"12.2 SENER: planeación, transición e información",Tercera modificación,Primera convocatoria,2 dic 2025,Cargado,Última modificación localizada de esa convocatoria,https://sidof.segob.gob.mx/notas/5774850,"Publicación oficial incorporada íntegramente como versión separada, con fecha DOF y nota editorial que enlaza el original y sus modificaciones. Calendarios y anexos conservados; no es texto consolidado ni acredita plazos abiertos."
RAD-030,"12.2 SENER: planeación, transición e información",Decreto,Aprobación de PROSENER 2025-2030,22 dic 2025,Cargado,Vigente,https://sidof.segob.gob.mx/notas/5776837 | https://sidof.segob.gob.mx/notas/docFuente/5776837,"Incorporado y cotejado con la fuente oficial el 19 de septiembre de 2026. Se conserva la publicación, no un texto consolidado; no se certifica vigencia. Evidencia: incorporacion-planeacion-2026-09-19/VERIFICACION.json."
RAD-031,"12.2 SENER: planeación, transición e información",Programa,Texto de PROSENER 2025-2030,22 dic 2025,Cargado,Vigente,https://sidof.segob.gob.mx/notas/5776838 | https://sidof.segob.gob.mx/notas/docFuente/5776838,"Incorporado y cotejado con la fuente oficial el 19 de septiembre de 2026. Se conserva la publicación, no un texto consolidado; no se certifica vigencia. Evidencia: incorporacion-planeacion-2026-09-19/VERIFICACION.json."
RAD-032,"12.2 SENER: planeación, transición e información",Lineamientos CFE,Esquemas para el Desarrollo Mixto,28 ene 2026,Cargado,Sustento normativo; distinto de la convocatoria,https://sidof.segob.gob.mx/notas/5778994 | https://sidof.segob.gob.mx/notas/docFuente/5778994,"Incorporado y cotejado con la fuente oficial el 19 de septiembre de 2026. Se conserva la publicación, no un texto consolidado; no se certifica vigencia. Evidencia: incorporacion-complementos-2026-09-19/VERIFICACION.json."
RAD-033,"12.2 SENER: planeación, transición e información",Aviso SENER,Convocatoria para Esquemas de Desarrollo Mixto de CFE,6 feb 2026,Por cotejar e incorporar,Registro cerrado el 3 mar 2026; nota DOF propia pendiente de acreditar,https://ventanilla.energia.gob.mx/avisos/8,"Se revisaron el aviso de SENER y su carpeta pública el 19 de septiembre. Contiene dos formularios PDF, los lineamientos (ya cargados), dos hojas XLSX y un calendario PNG. No se identificaron bases completas ni una publicación DOF propia de la convocatoria. Se conserva pendiente; no se confunden los materiales de apoyo con las bases."
RAD-034,"12.2 SENER: planeación, transición e información",Lineamientos,Ventanilla Única de Autoconsumo,8 may 2026,Cargado,Vigente,https://sidof.segob.gob.mx/notas/5786923,"Lineamientos cargados con ocho capítulos, 36 numerales de segundo nivel y todos sus subnumerales e incisos, cinco transitorios y tres anexos completos. Se preservaron 24 tablas y 863 celdas."
RAD-035,"12.2 SENER: planeación, transición e información",Convocatoria,Segunda atención prioritaria de generación e interconexión,11 may 2026,Cargado,Modificada cuatro veces,https://sidof.segob.gob.mx/notas/5787117,"Publicación oficial incorporada íntegramente como versión separada, con fecha DOF y nota editorial que enlaza el original y sus modificaciones. Calendarios y anexos conservados; no es texto consolidado ni acredita plazos abiertos."
RAD-036,"12.2 SENER: planeación, transición e información",Convocatoria,Proyectos estratégicos de generación y almacenamiento,15 may 2026,Cargado,Modificada tres veces,https://sidof.segob.gob.mx/notas/5787666,"Publicación oficial incorporada íntegramente como versión separada, con fecha DOF y nota editorial que enlaza el original y sus modificaciones. Calendarios y anexos conservados; no es texto consolidado ni acredita plazos abiertos."
RAD-037,"12.2 SENER: planeación, transición e información",Modificación,Proyectos estratégicos,26 may 2026,Cargado,Primera modificación,https://sidof.segob.gob.mx/notas/5788508,"Publicación oficial incorporada íntegramente como versión separada, con fecha DOF y nota editorial que enlaza el original y sus modificaciones. Calendarios y anexos conservados; no es texto consolidado ni acredita plazos abiertos."
RAD-038,"12.2 SENER: planeación, transición e información",Modificación,Segunda convocatoria,26 may 2026,Cargado,Primera modificación,https://sidof.segob.gob.mx/notas/5788509,"Publicación oficial incorporada íntegramente como versión separada, con fecha DOF y nota editorial que enlaza el original y sus modificaciones. Calendarios y anexos conservados; no es texto consolidado ni acredita plazos abiertos."
RAD-039,"12.2 SENER: planeación, transición e información",Modificación,Segunda convocatoria,8 jun 2026,Cargado,Segunda modificación,https://sidof.segob.gob.mx/notas/5789883,"Publicación oficial incorporada íntegramente como versión separada, con fecha DOF y nota editorial que enlaza el original y sus modificaciones. Calendarios y anexos conservados; no es texto consolidado ni acredita plazos abiertos."
RAD-040,"12.2 SENER: planeación, transición e información",Modificación,Segunda convocatoria,18 jun 2026,Cargado,Tercera modificación,https://sidof.segob.gob.mx/notas/5790938,"Publicación oficial incorporada íntegramente como versión separada, con fecha DOF y nota editorial que enlaza el original y sus modificaciones. Calendarios y anexos conservados; no es texto consolidado ni acredita plazos abiertos."
RAD-041,"12.2 SENER: planeación, transición e información",Modificación,Segunda convocatoria,10 sep 2026,Cargado,Cuarta modificación; reprograma etapas 8 a 17 y entra en vigor el mismo día,https://sidof.segob.gob.mx/notas/5798361,"Publicación oficial incorporada íntegramente como versión separada, con fecha DOF y nota editorial que enlaza el original y sus modificaciones. Calendarios y anexos conservados; no es texto consolidado ni acredita plazos abiertos."
RAD-042,"12.2 SENER: planeación, transición e información",Lineamientos,Migración voluntaria y expedita de autoabastecimiento y cogeneración,18 jun 2026,Cargado,Vigente; nota aclaratoria posterior,https://sidof.segob.gob.mx/notas/5790937 | https://sidof.segob.gob.mx/notas/docFuente/5790937,"Incorporado y cotejado con la fuente oficial el 19 de septiembre de 2026. Se conserva la publicación, no un texto consolidado; no se certifica vigencia. Evidencia: incorporacion-pendientes-2026-09-19/VERIFICACION.json."
RAD-043,"12.2 SENER: planeación, transición e información",Nota aclaratoria,Lineamientos de migración,26 jun 2026,Cargado,Integra el texto aplicable,https://sidof.segob.gob.mx/notas/5791847 | https://sidof.segob.gob.mx/notas/docFuente/5791847,"Incorporado y cotejado con la fuente oficial el 19 de septiembre de 2026. Se conserva la publicación, no un texto consolidado; no se certifica vigencia. Evidencia: incorporacion-pendientes-2026-09-19/VERIFICACION.json."
RAD-044,"12.2 SENER: planeación, transición e información",Acuerdo modificatorio,Lineamientos de migración de autoabastecimiento y cogeneración,8 sep 2026,Cargado,"Amplía calendarios y precisa conexión, SAEE, pruebas, suministro y medición; vigente desde el día hábil siguiente",https://sidof.segob.gob.mx/notas/5798117 | https://sidof.segob.gob.mx/notas/docFuente/5798117,"Incorporado y cotejado con la fuente oficial el 19 de septiembre de 2026. Se conserva la publicación, no un texto consolidado; no se certifica vigencia. Evidencia: incorporacion-pendientes-2026-09-19/VERIFICACION.json."
RAD-045,"12.2 SENER: planeación, transición e información",Modificación,Proyectos estratégicos de generación y almacenamiento,10 jul 2026,Cargado,Segunda modificación,https://sidof.segob.gob.mx/notas/5793261,"Publicación oficial incorporada íntegramente como versión separada, con fecha DOF y nota editorial que enlaza el original y sus modificaciones. Calendarios y anexos conservados; no es texto consolidado ni acredita plazos abiertos."
RAD-046,"12.2 SENER: planeación, transición e información",Acuerdo / formatos,"Permisos, autorizaciones, bitácoras y avisos de biocombustibles",31 ago 2026,Cargado,Publicado; vigente desde el 1 sep 2026; deja sin efectos el acuerdo de formatos de 13 nov 2009,https://sidof.segob.gob.mx/notas/5797477 | https://dof.gob.mx/nota_detalle_popup.php?codigo=5797477,"Incorporado y cotejado con la fuente oficial el 19 de septiembre de 2026. Se conserva la publicación, no un texto consolidado; no se certifica vigencia. Evidencia: incorporacion-complementos-2026-09-19/VERIFICACION.json."
RAD-047,"12.2 SENER: planeación, transición e información",Tercera modificación,Proyectos estratégicos de generación y almacenamiento,2 sep 2026,Cargado,Mantiene cierre de generación el 2 sep; amplía SAEE al 30 oct 2026,https://sidof.segob.gob.mx/notas/5797703,"Publicación oficial incorporada íntegramente como versión separada, con fecha DOF y nota editorial que enlaza el original y sus modificaciones. Calendarios y anexos conservados; no es texto consolidado ni acredita plazos abiertos."
RAD-048,"12.2 SENER: planeación, transición e información",Plan,Plan de Desarrollo del Sector Hidrocarburos (PLADESHi),7 sep 2026,Cargado,"Publicado y vigente; horizonte de 15 años, revisiones anuales y escenarios 2025-2039",https://sidof.segob.gob.mx/notas/5798065 | https://sidof.segob.gob.mx/notas/docFuente/5798065,"Incorporado y cotejado con la fuente oficial el 19 de septiembre de 2026. Se conserva la publicación, no un texto consolidado; no se certifica vigencia. Evidencia: incorporacion-planeacion-2026-09-19/VERIFICACION.json."
RAD-049,"12.2 SENER: planeación, transición e información",Sistema,Sistema de Información Energética,Consulta permanente,Portal / colección,En operación,https://sie.energia.gob.mx/inicio/,No equivale a un instrumento individual; seleccionar documentos concretos.
RAD-050,"12.2 SENER: planeación, transición e información",Publicación,Balance Nacional de Energía,Consulta permanente,Portal / colección,Colección oficial anual,https://www.gob.mx/sener/articulos/balance-nacional-de-energia-296106,No equivale a un instrumento individual; seleccionar documentos concretos.
RAD-051,"12.2 SENER: planeación, transición e información",Estrategia Nacional de Transición Energética,Estrategia Nacional de Transición Energética,,Publicación no localizada en el radar,No localizada; PROSENER dijo que estaba en elaboración,https://sidof.segob.gob.mx/notas/5752329,"La liga remite a la base jurídica (LPTE), no a una publicación de la estrategia. Cargar la LPTE no cubre esta referencia."
RAD-052,"12.2 SENER: planeación, transición e información",PLATEASE,PLATEASE,,Publicación no localizada en el radar,No localizado como instrumento emitido,https://sidof.segob.gob.mx/notas/5769157,"La liga remite al reglamento como base jurídica, no a una publicación de PLATEASE."
RAD-053,"12.2 SENER: planeación, transición e información",Declaratoria integral de operación del SNIE,Declaratoria integral de operación del SNIE,,Publicación no localizada en el radar,No localizada,https://sidof.segob.gob.mx/notas/5769157,La liga remite a transitorios del reglamento; no acredita la declaratoria integral del SNIE.
RAD-054,"12.3 CNE, CRE y CENACE: electricidad, permisos, redes y mercado",Manual,Suspensión de Operaciones del Mercado de Energía de Corto Plazo,12 ene 2024,Cargado,Vigente/transitorio,https://sidof.segob.gob.mx/notas/5714307 | https://sidof.segob.gob.mx/notas/docFuente/5714307,"Incorporado y cotejado con la fuente oficial el 19 de septiembre de 2026. Se conserva la publicación, no un texto consolidado; no se certifica vigencia. Evidencia: incorporacion-electricidad-2026-09-19/VERIFICACION.json."
RAD-055,"12.3 CNE, CRE y CENACE: electricidad, permisos, redes y mercado",Acuerdo A/062/2023,Modificación o transferencia de permisos de generación y suministro,17 ene 2024,Antecedente o efectos limitados,Derogado en la parte aplicable por DACG de 23 oct 2025,https://sidof.segob.gob.mx/notas/5714540,Conservar estado histórico y cotejar relación con el instrumento posterior.
RAD-056,"12.3 CNE, CRE y CENACE: electricidad, permisos, redes y mercado",Acuerdo A/051/2023,Beneficio neto de obras particulares en PAM y cesión de redes,18 ene 2024,Cargado,Vigente/transitorio,https://sidof.segob.gob.mx/notas/5714631 | https://sidof.segob.gob.mx/notas/docFuente/5714631,"Incorporado y cotejado con la fuente oficial el 19 de septiembre de 2026. Se conserva la publicación, no un texto consolidado; no se certifica vigencia. Evidencia: incorporacion-electricidad-2026-09-19/VERIFICACION.json."
RAD-057,"12.3 CNE, CRE y CENACE: electricidad, permisos, redes y mercado",Acuerdo A/025/2023,Acceso abierto a RNT y RGD,23 ene 2024,Cargado,Vigente/transitorio,https://sidof.segob.gob.mx/notas/5714880 | https://sidof.segob.gob.mx/notas/docFuente/5714880,"Incorporado y cotejado con la fuente oficial el 19 de septiembre de 2026. Se conserva la publicación, no un texto consolidado; no se certifica vigencia. Evidencia: incorporacion-electricidad-2026-09-19/VERIFICACION.json. Es el acuerdo modificatorio A/025/2023; conserva omisiones y derogaciones del anexo, no el texto consolidado de RES/948/2015."
RAD-058,"12.3 CNE, CRE y CENACE: electricidad, permisos, redes y mercado",Acuerdo,Insistencia de modificaciones de 2019 a lineamientos CEL,12 mar 2024,Cargado,Define retorno al marco previo,https://sidof.segob.gob.mx/notas/5719864 | https://sidof.segob.gob.mx/notas/docFuente/5719864,"Incorporado y cotejado con la fuente oficial el 19 de septiembre de 2026. Se conserva la publicación, no un texto consolidado; no se certifica vigencia. Evidencia: incorporacion-electricidad-2026-09-19/VERIFICACION.json. El título oficial dice insubsistencia; se conserva el título de la referencia original del radar para trazabilidad."
RAD-059,"12.3 CNE, CRE y CENACE: electricidad, permisos, redes y mercado",Acuerdo A/007/2024,"Asignación de CEL disponibles, obligación 2022",8 abr 2024,Cargado,Acto ejecutado,https://sidof.segob.gob.mx/notas/5722482 | https://sidof.segob.gob.mx/notas/docFuente/5722482,"Incorporado y cotejado con la fuente oficial el 19 de septiembre de 2026. Se conserva la publicación, no un texto consolidado; no se certifica vigencia. Evidencia: incorporacion-electricidad-2026-09-19/VERIFICACION.json."
RAD-060,"12.3 CNE, CRE y CENACE: electricidad, permisos, redes y mercado",Acuerdo,Requisitos CEL 2025-2026,17 ago 2026,Cargado,Vigente; 13.9% anual,https://www.dof.gob.mx/abrirPDF.php?anio=2026&archivo=17082026-MAT.pdf&repo= | https://sidof.segob.gob.mx/notas/docFuente/5796405,"Incorporado y cotejado con la fuente oficial el 19 de septiembre de 2026. Se conserva la publicación, no un texto consolidado; no se certifica vigencia. Evidencia: incorporacion-electricidad-2026-09-19/VERIFICACION.json."
RAD-061,"12.3 CNE, CRE y CENACE: electricidad, permisos, redes y mercado",Acuerdo A/023/2024,Exclusión de centros de carga de autoabastecimiento o cogeneración legada,23 abr 2024,Cargado,Vigente/transitorio; revisar lineamientos de migración 2026,https://sidof.segob.gob.mx/notas/5724250 | https://sidof.segob.gob.mx/notas/docFuente/5724250,"Incorporado y cotejado con la fuente oficial el 19 de septiembre de 2026. Se conserva la publicación, no un texto consolidado; no se certifica vigencia. Evidencia: incorporacion-electricidad-2026-09-19/VERIFICACION.json."
RAD-062,"12.3 CNE, CRE y CENACE: electricidad, permisos, redes y mercado",Acuerdo A/054/2024,"Unidades de inspección para centros de carga, generación, transmisión y distribución",20 may 2024,Cargado,Vigente/transitorio,https://sidof.segob.gob.mx/notas/5727366 | https://sidof.segob.gob.mx/notas/docFuente/5727366,"Incorporado y cotejado con la fuente oficial el 19 de septiembre de 2026. Se conserva la publicación, no un texto consolidado; no se certifica vigencia. Evidencia: incorporacion-electricidad-2026-09-19/VERIFICACION.json."
RAD-063,"12.3 CNE, CRE y CENACE: electricidad, permisos, redes y mercado",Acuerdo A/061/2024,Deja insubsistente modificación de 2020 sobre permisos,13 jun 2024,Antecedente o efectos limitados,Antecedente; régimen sustituido en 2025,https://sidof.segob.gob.mx/notas/5730361,Conservar estado histórico y cotejar relación con el instrumento posterior.
RAD-064,"12.3 CNE, CRE y CENACE: electricidad, permisos, redes y mercado",Acuerdo A/108/2024,Electromovilidad e infraestructura de carga conectada al SEN,10 sep 2024,Cargado,Vigente/transitorio,https://sidof.segob.gob.mx/notas/5738646 | https://sidof.segob.gob.mx/notas/docFuente/5738646,"Incorporado y cotejado con la fuente oficial el 19 de septiembre de 2026. Se conserva la publicación, no un texto consolidado; no se certifica vigencia. Evidencia: incorporacion-electricidad-2026-09-19/VERIFICACION.json."
RAD-065,"12.3 CNE, CRE y CENACE: electricidad, permisos, redes y mercado",Acuerdo A/085/2024,Liquidación de cargas indirectamente modeladas en suministro de último recurso,30 ene 2025,Cargado,Vigente/transitorio,https://sidof.segob.gob.mx/notas/5748078 | https://sidof.segob.gob.mx/notas/docFuente/5748078,"Incorporado y cotejado con la fuente oficial el 19 de septiembre de 2026. Se conserva la publicación, no un texto consolidado; no se certifica vigencia. Evidencia: incorporacion-electricidad-2026-09-19/VERIFICACION.json."
RAD-066,"12.3 CNE, CRE y CENACE: electricidad, permisos, redes y mercado",Acuerdo A/113/2024,Primeras DACG de almacenamiento eléctrico,7 mar 2025,Antecedente o efectos limitados,**Sin efectos desde abril de 2026**,https://sidof.segob.gob.mx/notas/5751230,Antecedente identificado por el radar como sin efectos desde abril de 2026. Las DACG de integración de 2026 sí están cargadas (RAD-073).
RAD-067,"12.3 CNE, CRE y CENACE: electricidad, permisos, redes y mercado",Acuerdo,Permiso de autoconsumo interconectado de 0.7 a 20 MW,6 ago 2025,Cargado,Vigente,https://sidof.segob.gob.mx/notas/5764827,"Acuerdo de requisitos cargado con dos resolutivos y cuatro transitorios separados; preámbulo, firma y nota editorial identificados."
RAD-068,"12.3 CNE, CRE y CENACE: electricidad, permisos, redes y mercado",Formato,Autoconsumo interconectado 0.7-20 MW,7 oct 2025,Cargado,Vigente,https://sidof.segob.gob.mx/notas/5769388,"Formato e instructivo completos: 12 tablas, 205 celdas y ocho casillas. Se conserva el acuerdo que lo publica y su transitorio."
RAD-069,"12.3 CNE, CRE y CENACE: electricidad, permisos, redes y mercado",DACG,"Permisos de generación y almacenamiento, modificaciones y vigencias",23 oct 2025,Cargado,Vigente,https://sidof.segob.gob.mx/notas/5770667,"Cargadas las DACG con 71 numerales, cinco transitorios y seis formatos CNE_ELECTRICIDAD_01 a 06. Se conservaron las tablas y casillas."
RAD-070,"12.3 CNE, CRE y CENACE: electricidad, permisos, redes y mercado",Contrato modelo,"Interconexión y conexión de centrales, SAEE y centros de carga",17 mar 2026,Cargado,Vigente,https://sidof.segob.gob.mx/notas/5782317 | https://sidof.segob.gob.mx/notas/docFuente/5782317,"Incorporado y cotejado con la fuente oficial el 19 de septiembre de 2026. Se conserva la publicación, no un texto consolidado; no se certifica vigencia. Evidencia: incorporacion-electricidad-2026-09-19/VERIFICACION.json."
RAD-071,"12.3 CNE, CRE y CENACE: electricidad, permisos, redes y mercado",DACG,"Mecanismos competitivos CENACE para potencia, energía, servicios conexos y confiabilidad",3 abr 2026,Cargado,Vigente,https://sidof.segob.gob.mx/notas/5784027 | https://sidof.segob.gob.mx/notas/docFuente/5784027,"Incorporado y cotejado con la fuente oficial el 19 de septiembre de 2026. Se conserva la publicación, no un texto consolidado; no se certifica vigencia. Evidencia: incorporacion-electricidad-2026-09-19/VERIFICACION.json."
RAD-072,"12.3 CNE, CRE y CENACE: electricidad, permisos, redes y mercado",DACG,Cogeneración,16 abr 2026,Cargado,Vigente,https://sidof.segob.gob.mx/notas/5785044 | https://sidof.segob.gob.mx/notas/docFuente/5785044,"Incorporado y cotejado con la fuente oficial el 19 de septiembre de 2026. Se conserva la publicación, no un texto consolidado; no se certifica vigencia. Evidencia: incorporacion-pendientes-2026-09-19/VERIFICACION.json."
RAD-073,"12.3 CNE, CRE y CENACE: electricidad, permisos, redes y mercado",DACG,Integración de SAEE al SEN,16 abr 2026,Cargado,Vigente; sustituye A/113/2024,https://sidof.segob.gob.mx/notas/5785045,Correspondencia de instrumento verificada contra el catálogo actual; no se deduce solo de la URL.
RAD-074,"12.3 CNE, CRE y CENACE: electricidad, permisos, redes y mercado",Formatos,Cogeneración,22 may 2026,Cargado,Vigente,https://sidof.segob.gob.mx/notas/5788271 | https://sidof.segob.gob.mx/notas/docFuente/5788271,"Incorporado y cotejado con la fuente oficial el 19 de septiembre de 2026. Se conserva la publicación, no un texto consolidado; no se certifica vigencia. Evidencia: incorporacion-pendientes-2026-09-19/VERIFICACION.json."
RAD-075,"12.3 CNE, CRE y CENACE: electricidad, permisos, redes y mercado",Formatos,SAEE,22 may 2026,Cargado,Vigente,https://sidof.segob.gob.mx/notas/5788270,"Cargado el acuerdo de formatos SAEE con CNE_ELECTRICIDAD_09, 10 y 11, instrucciones, disposición de emisión y transitorio. Complementa RAD-073 y RAD-069."
RAD-076,"12.3 CNE, CRE y CENACE: electricidad, permisos, redes y mercado",Metodología,Cargo de transmisión para permisos legados LSPEE,18 jun 2026,Cargado,Vigente,https://sidof.segob.gob.mx/notas/5790939 | https://sidof.segob.gob.mx/notas/docFuente/5790939,"Incorporado y cotejado con la fuente oficial el 19 de septiembre de 2026. Se conserva la publicación, no un texto consolidado; no se certifica vigencia. Evidencia: incorporacion-electricidad-2026-09-19/VERIFICACION.json. El transitorio Primero fija la entrada en vigor el 19 de octubre de 2026, posterior al corte. Se conserva el estado del radar como antecedente de la revisión, sin equipararlo a vigencia comprobada."
RAD-077,12.4 CENACE,Manual,Suspensión del Mercado de Energía de Corto Plazo,12 ene 2024,Cargado,Vigente/transitorio,https://sidof.segob.gob.mx/notas/5714307 | https://sidof.segob.gob.mx/notas/docFuente/5714307,"Incorporado y cotejado con la fuente oficial el 19 de septiembre de 2026. Se conserva la publicación, no un texto consolidado; no se certifica vigencia. Evidencia: incorporacion-electricidad-2026-09-19/VERIFICACION.json."
RAD-078,12.4 CENACE,Insumo de planeación,"PLADESE, PVIRCE y PAM",17 oct 2025,Cargado,CENACE participa como soporte técnico,https://sidof.segob.gob.mx/notas/5770297 | https://sidof.segob.gob.mx/notas/docFuente/5770297,"Incorporado y cotejado con la fuente oficial el 19 de septiembre de 2026. Se conserva la publicación, no un texto consolidado; no se certifica vigencia. Evidencia: incorporacion-planeacion-2026-09-19/VERIFICACION.json."
RAD-079,12.4 CENACE,Contrato modelo,Interconexión y conexión,17 mar 2026,Cargado,Aplicación operativa junto con CNE y CFE,https://sidof.segob.gob.mx/notas/5782317 | https://sidof.segob.gob.mx/notas/docFuente/5782317,"Incorporado y cotejado con la fuente oficial el 19 de septiembre de 2026. Se conserva la publicación, no un texto consolidado; no se certifica vigencia. Evidencia: incorporacion-electricidad-2026-09-19/VERIFICACION.json."
RAD-080,12.4 CENACE,DACG,Mecanismos competitivos para confiabilidad,3 abr 2026,Cargado,Vigente,https://sidof.segob.gob.mx/notas/5784027 | https://sidof.segob.gob.mx/notas/docFuente/5784027,"Incorporado y cotejado con la fuente oficial el 19 de septiembre de 2026. Se conserva la publicación, no un texto consolidado; no se certifica vigencia. Evidencia: incorporacion-electricidad-2026-09-19/VERIFICACION.json."
RAD-081,12.4 CENACE,Aviso / programa,Programa Institucional CENACE 2026-2030,30 abr 2026,Cargado,Publicado por aviso,https://sidof.segob.gob.mx/notas/5786368 | https://sidof.segob.gob.mx/notas/docFuente/5786368 | https://dof.gob.mx/2026/CENACE/ProgramaInstitucional.pdf,"Cobertura completada el 20 de septiembre de 2026: aviso y programa completo en fichas vinculadas. El PDF oficial de 52 páginas aporta 32 apartados, 20 tablas con 429 celdas, cinco estrategias y cuatro indicadores completos. Sus apartados están vinculados al PDF remoto; mapas y gráficos se consultan en el original. No se certifica vigencia. Evidencia: incorporacion-cenace-2026-09-20/VERIFICACION.json."
RAD-082,12.4 CENACE,Marco regulatorio,Documentos de planeación y operación,Consulta permanente,Portal / colección,Portal institucional,https://www.cenace.gob.mx/,No equivale a un instrumento individual; seleccionar documentos concretos.
RAD-083,12.5 CFE,Modificación estatutaria,Estatuto Orgánico de la CFE,1 abr 2024,Antecedente o efectos limitados,Antecedente del régimen previo,https://sidof.segob.gob.mx/notas/5721854,Conservar estado histórico y cotejar relación con el instrumento posterior.
RAD-084,12.5 CFE,Modificación estatutaria,CFE Suministrador de Servicios Básicos,16 may 2024,Antecedente o efectos limitados,Antecedente del régimen previo,https://sidof.segob.gob.mx/notas/5726910,Conservar estado histórico y cotejar relación con el instrumento posterior.
RAD-085,12.5 CFE,Ley,"Ley de la Empresa Pública del Estado, CFE",18 mar 2025,Cargado,Vigente,https://sidof.segob.gob.mx/notas/5752329,Ley individual cargada; comparte la publicación 5752329 con el decreto compuesto RAD-003. No es un duplicado documental de todo el decreto.
RAD-086,12.5 CFE,Estatuto orgánico,"Empresa Pública del Estado, CFE",2 jun 2025,Por cotejar e incorporar,Vigente,https://sidof.segob.gob.mx/notas/5758999,Referencia del radar; cotejar fuente completa y vigencia antes de procesar.
RAD-087,12.5 CFE,Plan,"PLADESE: alineación de programa, generación, transmisión y distribución",17 oct 2025,Cargado,Vigente,https://sidof.segob.gob.mx/notas/5770297 | https://sidof.segob.gob.mx/notas/docFuente/5770297,"Incorporado y cotejado con la fuente oficial el 19 de septiembre de 2026. Se conserva la publicación, no un texto consolidado; no se certifica vigencia. Evidencia: incorporacion-planeacion-2026-09-19/VERIFICACION.json."
RAD-088,12.5 CFE,Reglamento,"Ley de la Empresa Pública del Estado, CFE",2 dic 2025,Cargado,Vigente con fe de erratas,https://sidof.segob.gob.mx/notas/5774837,Referencia repetida de RAD-015. Reglamento cargado con el artículo 68 corregido según la fe de erratas y un fragmento complementario que conserva esa publicación. PDF consolidado de Diputados cotejado.
RAD-089,12.5 CFE,Fe de erratas,Reglamento de CFE,29 dic 2025,Cargado,Integra texto aplicable,https://sidof.segob.gob.mx/notas/5777392,"Referencia repetida de RAD-016. Fe de erratas incorporada como documento complementario de RLEPECFE y aplicada al artículo 68. Es cobertura dentro del reglamento, no un instrumento adicional en el catálogo."
RAD-090,12.5 CFE,Decreto,Transparencia proactiva de filiales de CFE,4 ago 2026,Por cotejar e incorporar,Vigente desde 5 ago; criterios y publicación pendientes conforme a transitorios,https://www.dof.gob.mx/abrirPDF.php?anio=2026&archivo=04082026-VES.pdf&repo=,Referencia del radar; cotejar fuente completa y vigencia antes de procesar.
RAD-091,12.5 CFE,Disposiciones generales,"Adquisiciones, arrendamientos, servicios y obras de la CFE",19 ago 2026,Cargado,Publicadas; vigentes desde 20 ago 2026,https://www.dof.gob.mx/abrirPDF.php?anio=2026&archivo=19082026-MAT.pdf&repo= | https://sidof.segob.gob.mx/notas/docFuente/5796647,"Incorporado y cotejado con la fuente oficial el 19 de septiembre de 2026. Se conserva la publicación, no un texto consolidado; no se certifica vigencia. Evidencia: incorporacion-cierre-prioridades-2026-09-19/VERIFICACION.json."
RAD-180,12.5 CFE,Políticas,Impedimentos para considerar ofertas o celebrar contratos,18 sep 2026,Cargado,Publicadas; vigentes desde 19 sep 2026; abrogan las políticas de 2024,https://sidof.segob.gob.mx/notas/5799057 | https://sidof.segob.gob.mx/notas/docFuente/5799057,"Incorporado y cotejado con la fuente oficial el 19 de septiembre de 2026. Se conserva la publicación, no un texto consolidado; no se certifica vigencia. Evidencia: incorporacion-complementos-2026-09-19/VERIFICACION.json."
RAD-092,12.5 CFE,Portal,"Información corporativa, transmisión, distribución y suministro",Consulta permanente,Portal / colección,En operación,https://www.cfe.mx/,No equivale a un instrumento individual; seleccionar documentos concretos.
RAD-093,12.6 PEMEX e IMP,Aviso,Modificaciones a su Estatuto Orgánico,4 mar 2024,Antecedente o efectos limitados,Antecedente,https://sidof.segob.gob.mx/notas/5718916,Conservar estado histórico y cotejar relación con el instrumento posterior.
RAD-094,12.6 PEMEX e IMP,Aviso,Modificación a su Estatuto Orgánico,5 abr 2024,Antecedente o efectos limitados,Antecedente,https://sidof.segob.gob.mx/notas/5722453,Conservar estado histórico y cotejar relación con el instrumento posterior.
RAD-095,12.6 PEMEX e IMP,Estatuto orgánico,Estatuto del Instituto Mexicano del Petróleo,10 sep 2024,Antecedente o efectos limitados,**Abrogado a partir del 28 ago 2026**,https://sidof.segob.gob.mx/notas/5738636,Conservar estado histórico y cotejar relación con el instrumento posterior.
RAD-096,12.6 PEMEX e IMP,Manual,Manual de Organización General,13 mar 2025,Por cotejar e incorporar,Vigente,https://sidof.segob.gob.mx/notas/5751783,Referencia del radar; cotejar fuente completa y vigencia antes de procesar.
RAD-097,12.6 PEMEX e IMP,Ley,"Ley de la Empresa Pública del Estado, PEMEX",18 mar 2025,Cargado,Vigente,https://sidof.segob.gob.mx/notas/5752329,Ley individual cargada; comparte la publicación 5752329 con el decreto compuesto RAD-003. No es un duplicado documental de todo el decreto.
RAD-098,12.6 PEMEX e IMP,Aviso,Estatuto Orgánico de PEMEX,30 may 2025,Por cotejar e incorporar,Consultar versión y aviso posterior,https://sidof.segob.gob.mx/notas/5758825,Referencia del radar; cotejar fuente completa y vigencia antes de procesar.
RAD-099,12.6 PEMEX e IMP,Aviso,Estatuto Orgánico de PEMEX,12 sep 2025,Por cotejar e incorporar,Último aviso localizado,https://sidof.segob.gob.mx/notas/5767860,Referencia del radar; cotejar fuente completa y vigencia antes de procesar.
RAD-100,12.6 PEMEX e IMP,Reglamento,"Ley de la Empresa Pública del Estado, PEMEX",3 dic 2025,Cargado,Vigente,https://sidof.segob.gob.mx/notas/5775017,Referencia repetida de RAD-017. Correspondencia de instrumento verificada contra el catálogo actual; no se deduce solo de la URL.
RAD-101,12.6 PEMEX e IMP,Decreto,Transparencia proactiva de filiales de PEMEX,4 ago 2026,Por cotejar e incorporar,Vigente desde 5 ago; criterios y publicación pendientes conforme a transitorios,https://www.dof.gob.mx/abrirPDF.php?anio=2026&archivo=04082026-VES.pdf&repo=,Referencia repetida de RAD-090. Referencia del radar; cotejar fuente completa y vigencia antes de procesar.
RAD-102,12.6 PEMEX e IMP,Aviso / programa,Programa Institucional Estratégico IMP 2026-2030,10 jun 2026,Por cotejar e incorporar,Publicado por aviso,https://sidof.segob.gob.mx/notas/5790183,Referencia del radar; cotejar fuente completa y vigencia antes de procesar.
RAD-103,12.6 PEMEX e IMP,Estatuto orgánico,Estatuto Orgánico del Instituto Mexicano del Petróleo,27 ago 2026,Por cotejar e incorporar,Publicado; vigente desde el 28 ago 2026,https://sidof.segob.gob.mx/notas/5797266,Referencia del radar; cotejar fuente completa y vigencia antes de procesar.
RAD-104,12.6 PEMEX e IMP,Portal,Información corporativa y normativa,Consulta permanente,Portal / colección,En operación,https://www.pemex.com/,No equivale a un instrumento individual; seleccionar documentos concretos.
RAD-105,"12.7 Hidrocarburos: CNH, CNE, CENAGAS y ASEA",Acuerdo A/080/2023,Regularización en cesión de permisos de estaciones de servicio,12 ene 2024,Por cotejar e incorporar,Vigente/transitorio,https://sidof.segob.gob.mx/notas/5714262,Referencia del radar; cotejar fuente completa y vigencia antes de procesar.
RAD-106,"12.7 Hidrocarburos: CNH, CNE, CENAGAS y ASEA",Acuerdo,"Importadores y cumplimiento de NOM-016-CRE-2016, calidad de petrolíferos",26 ene 2024,Por cotejar e incorporar,Vigente/transitorio,https://sidof.segob.gob.mx/notas/5715317,Referencia del radar; cotejar fuente completa y vigencia antes de procesar.
RAD-107,"12.7 Hidrocarburos: CNH, CNE, CENAGAS y ASEA",Acuerdo,Modificación del Reglamento Interno de la CNH,31 ene 2024,Antecedente o efectos limitados,Antecedente; CNH extinguida,https://sidof.segob.gob.mx/notas/5715670,Conservar estado histórico y cotejar relación con el instrumento posterior.
RAD-108,"12.7 Hidrocarburos: CNH, CNE, CENAGAS y ASEA",Acuerdo A/066/2023,Herramienta EnerGeoCRE para estaciones de petrolíferos y gas LP,19 feb 2024,Por cotejar e incorporar,Transición institucional,https://sidof.segob.gob.mx/notas/5717263,Referencia del radar; cotejar fuente completa y vigencia antes de procesar.
RAD-109,"12.7 Hidrocarburos: CNH, CNE, CENAGAS y ASEA",DACG,Participación cruzada en hidrocarburos,27 feb 2024,Por cotejar e incorporar,Vigente/transitorio,https://sidof.segob.gob.mx/notas/5718108,Referencia del radar; cotejar fuente completa y vigencia antes de procesar.
RAD-110,"12.7 Hidrocarburos: CNH, CNE, CENAGAS y ASEA",Modificación,"Seguros mínimos en transporte, almacenamiento, distribución y expendio",22 may 2024,Por cotejar e incorporar,Vigente/modificado,https://sidof.segob.gob.mx/notas/5727975,Referencia del radar; cotejar fuente completa y vigencia antes de procesar.
RAD-111,"12.7 Hidrocarburos: CNH, CNE, CENAGAS y ASEA",Acuerdo A/60/2024,Laboratorios extranjeros y equivalencia NOM-016-CRE-2016,16 ago 2024,Por cotejar e incorporar,Vigente/transitorio,https://sidof.segob.gob.mx/notas/5736461,Referencia del radar; cotejar fuente completa y vigencia antes de procesar.
RAD-112,"12.7 Hidrocarburos: CNH, CNE, CENAGAS y ASEA",Acuerdo A/089/2024,Regularización por cambio de marca/productos en estaciones,30 ago 2024,Por cotejar e incorporar,Acto de regularización,https://sidof.segob.gob.mx/notas/5737709,Referencia del radar; cotejar fuente completa y vigencia antes de procesar.
RAD-113,"12.7 Hidrocarburos: CNH, CNE, CENAGAS y ASEA",Acuerdo A/090/2024,"Regularización de obligaciones de estaciones de petrolíferos, gas natural y gas LP",30 ago 2024,Por cotejar e incorporar,Ampliado en 2025,https://sidof.segob.gob.mx/notas/5737710,Referencia del radar; cotejar fuente completa y vigencia antes de procesar.
RAD-114,"12.7 Hidrocarburos: CNH, CNE, CENAGAS y ASEA",Lineamientos,Construcción y mantenimiento de pozos,20 dic 2024,Por cotejar e incorporar,Vigente/transitorio,https://sidof.segob.gob.mx/notas/5745908,Referencia del radar; cotejar fuente completa y vigencia antes de procesar.
RAD-115,"12.7 Hidrocarburos: CNH, CNE, CENAGAS y ASEA",Acuerdo,Simplificación en exploración y extracción,28 ene 2025,Por cotejar e incorporar,Transición institucional,https://sidof.segob.gob.mx/notas/5747885,Referencia del radar; cotejar fuente completa y vigencia antes de procesar.
RAD-116,"12.7 Hidrocarburos: CNH, CNE, CENAGAS y ASEA",Acuerdo A/169/2024,Amplía vigencia del programa de regularización A/090/2024,29 ene 2025,Por cotejar e incorporar,Acto temporal,https://sidof.segob.gob.mx/notas/5748017,Referencia del radar; cotejar fuente completa y vigencia antes de procesar.
RAD-117,"12.7 Hidrocarburos: CNH, CNE, CENAGAS y ASEA",Acuerdo,Registro de plantas de gas LP y estaciones de gasolinas/diésel/gas LP,7 mar 2025,Por cotejar e incorporar,Vigente,https://sidof.segob.gob.mx/notas/5751221,Referencia del radar; cotejar fuente completa y vigencia antes de procesar.
RAD-118,"12.7 Hidrocarburos: CNH, CNE, CENAGAS y ASEA",Lineamientos,"Investigación, desarrollo tecnológico e innovación en hidrocarburos",24 mar 2025,Por cotejar e incorporar,Vigente,https://sidof.segob.gob.mx/notas/5752674,Referencia del radar; cotejar fuente completa y vigencia antes de procesar.
RAD-119,"12.7 Hidrocarburos: CNH, CNE, CENAGAS y ASEA",Modificación,Expendio simultáneo de petrolíferos y/o gas natural,6 may 2025,Por cotejar e incorporar,Vigente,https://sidof.segob.gob.mx/notas/5756445,Referencia del radar; cotejar fuente completa y vigencia antes de procesar.
RAD-120,"12.7 Hidrocarburos: CNH, CNE, CENAGAS y ASEA",Modificación,"Transporte terrestre por ductos de petróleo, petrolíferos y petroquímicos",6 may 2025,Por cotejar e incorporar,Vigente,https://sidof.segob.gob.mx/notas/5756444,Referencia del radar; cotejar fuente completa y vigencia antes de procesar.
RAD-121,"12.7 Hidrocarburos: CNH, CNE, CENAGAS y ASEA",Modificación,Instalaciones de licuefacción de gas natural,21 may 2025,Por cotejar e incorporar,Vigente,https://sidof.segob.gob.mx/notas/5757818,Referencia del radar; cotejar fuente completa y vigencia antes de procesar.
RAD-122,"12.7 Hidrocarburos: CNH, CNE, CENAGAS y ASEA",Simplificación,Permiso de expendio al público en estación de petrolíferos,11 jul 2025,Por cotejar e incorporar,Vigente con formato posterior,https://sidof.segob.gob.mx/notas/5762728,Referencia del radar; cotejar fuente completa y vigencia antes de procesar.
RAD-123,"12.7 Hidrocarburos: CNH, CNE, CENAGAS y ASEA",NOM-020-ASEA-2024,Transporte de gas natural por ductos terrestres,1 sep 2025,Por cotejar e incorporar,Vigente,https://sidof.segob.gob.mx/notas/5767026,Referencia del radar; cotejar fuente completa y vigencia antes de procesar.
RAD-124,"12.7 Hidrocarburos: CNH, CNE, CENAGAS y ASEA",NOM-019-ASEA-2024,Instalaciones de procesamiento de gas natural,2 sep 2025,Por cotejar e incorporar,Vigente,https://sidof.segob.gob.mx/notas/5767064,Referencia del radar; cotejar fuente completa y vigencia antes de procesar.
RAD-125,"12.7 Hidrocarburos: CNH, CNE, CENAGAS y ASEA",DACG,"Balizado y GPS de transporte/distribución de petrolíferos, gas LP y petroquímicos",23 sep 2025,Por cotejar e incorporar,Modificado 3 dic 2025,https://sidof.segob.gob.mx/notas/5768321,Referencia del radar; cotejar fuente completa y vigencia antes de procesar.
RAD-126,"12.7 Hidrocarburos: CNH, CNE, CENAGAS y ASEA",NOM de emergencia,Transporte de gas LP,3 oct 2025,Por cotejar e incorporar,Prorrogada 1 abr 2026,https://sidof.segob.gob.mx/notas/5769160,Referencia del radar; cotejar fuente completa y vigencia antes de procesar.
RAD-127,"12.7 Hidrocarburos: CNH, CNE, CENAGAS y ASEA",Formato,Solicitud simplificada para estaciones de petrolíferos,6 oct 2025,Por cotejar e incorporar,Vigente,https://sidof.segob.gob.mx/notas/5769306,Referencia del radar; cotejar fuente completa y vigencia antes de procesar.
RAD-128,"12.7 Hidrocarburos: CNH, CNE, CENAGAS y ASEA",Modificación,Balizado y GPS,3 dic 2025,Por cotejar e incorporar,Integra el texto aplicable,https://sidof.segob.gob.mx/notas/5775029,Referencia del radar; cotejar fuente completa y vigencia antes de procesar.
RAD-129,"12.7 Hidrocarburos: CNH, CNE, CENAGAS y ASEA",Acuerdo,Casos fortuitos y fuerza mayor en contratos de exploración y extracción,11 dic 2025,Por cotejar e incorporar,Vigente,https://sidof.segob.gob.mx/notas/5775808,Referencia del radar; cotejar fuente completa y vigencia antes de procesar.
RAD-130,"12.7 Hidrocarburos: CNH, CNE, CENAGAS y ASEA",Programa,Regularización extraordinaria de instalaciones de gasolinas y gas LP,24 dic 2025,Por cotejar e incorporar,Acto temporal,https://sidof.segob.gob.mx/notas/5777046,Referencia del radar; cotejar fuente completa y vigencia antes de procesar.
RAD-131,"12.7 Hidrocarburos: CNH, CNE, CENAGAS y ASEA",Acuerdo,Deja parcialmente insubsistente metodología anterior de precios máximos de gas LP,20 ene 2026,Antecedente o efectos limitados,Sustituida por nueva metodología,https://sidof.segob.gob.mx/notas/5778484,Conservar estado histórico y cotejar relación con el instrumento posterior.
RAD-132,"12.7 Hidrocarburos: CNH, CNE, CENAGAS y ASEA",Metodología,Precios máximos de gas LP a usuario final,21 ene 2026,Por cotejar e incorporar,Vigente,https://sidof.segob.gob.mx/notas/5778559,Referencia del radar; cotejar fuente completa y vigencia antes de procesar.
RAD-133,"12.7 Hidrocarburos: CNH, CNE, CENAGAS y ASEA",Acuerdo/formatos,"Actualización de parque vehicular en petrolíferos, gas LP y petroquímicos",12 mar 2026,Por cotejar e incorporar,Vigente,https://sidof.segob.gob.mx/notas/5782061,Referencia del radar; cotejar fuente completa y vigencia antes de procesar.
RAD-134,"12.7 Hidrocarburos: CNH, CNE, CENAGAS y ASEA",Prórroga,"NOM-EM-006-ASEA-2025, transporte de gas LP",1 abr 2026,Por cotejar e incorporar,Prorrogada seis meses,https://sidof.segob.gob.mx/notas/5783846,Referencia del radar; cotejar fuente completa y vigencia antes de procesar.
RAD-135,"12.7 Hidrocarburos: CNH, CNE, CENAGAS y ASEA",Programa,PRONAGAS: ordenamiento de instalaciones de gasolinas y gas LP,30 abr 2026,Por cotejar e incorporar,Vigente,https://sidof.segob.gob.mx/notas/5786354,Referencia del radar; cotejar fuente completa y vigencia antes de procesar.
RAD-136,"12.7 Hidrocarburos: CNH, CNE, CENAGAS y ASEA",Programa institucional,Programa Institucional CENAGAS 2026-2030,12 jun 2026,Por cotejar e incorporar,Publicado,https://sidof.segob.gob.mx/notas/5790453,Referencia del radar; cotejar fuente completa y vigencia antes de procesar.
RAD-137,"12.7 Hidrocarburos: CNH, CNE, CENAGAS y ASEA",Convocatoria,Renovación de representantes de personas usuarias y usuarias finales del Comité Consultivo del SISTRANGAS,14 ago 2026,Cargado,Recepción hasta 18 sep 2026; resultados a más tardar 2 oct 2026,https://www.dof.gob.mx/abrirPDF.php?anio=2026&archivo=14082026-MAT.pdf&repo= | https://sidof.segob.gob.mx/notas/docFuente/5796317,"Incorporado y cotejado con la fuente oficial el 19 de septiembre de 2026. Se conserva la publicación, no un texto consolidado; no se certifica vigencia. Evidencia: incorporacion-cierre-prioridades-2026-09-19/VERIFICACION.json."
RAD-138,"12.7 Hidrocarburos: CNH, CNE, CENAGAS y ASEA",Oficio de autorización,Montos por tres productos y 22 aprovechamientos de servicios de ASEA,13 jul 2026,Por cotejar e incorporar,Referencia operativa; no modifica la arquitectura sectorial,https://sidof.segob.gob.mx/notas/5793380,Referencia del radar; cotejar fuente completa y vigencia antes de procesar.
RAD-139,"12.7 Hidrocarburos: CNH, CNE, CENAGAS y ASEA",Acuerdo / programa temporal,Registro de instalaciones con despacho para autoconsumo de petrolíferos sin permiso,11 ago 2026,Por cotejar e incorporar,Vigente; inscripción hasta 31 dic 2026; la constancia no constituye permiso,https://www.dof.gob.mx/abrirPDF.php?anio=2026&archivo=11082026-MAT.pdf&repo=,Referencia del radar; cotejar fuente completa y vigencia antes de procesar.
RAD-140,"12.7 Hidrocarburos: CNH, CNE, CENAGAS y ASEA",Plan,Plan de Desarrollo del Sector Hidrocarburos (PLADESHi),7 sep 2026,Cargado,Publicado y vigente; instrumento rector con escenarios 2025-2039,https://sidof.segob.gob.mx/notas/5798065 | https://sidof.segob.gob.mx/notas/docFuente/5798065,"Incorporado y cotejado con la fuente oficial el 19 de septiembre de 2026. Se conserva la publicación, no un texto consolidado; no se certifica vigencia. Evidencia: incorporacion-planeacion-2026-09-19/VERIFICACION.json."
RAD-141,"12.7 Hidrocarburos: CNH, CNE, CENAGAS y ASEA",Portal,"SISTRANGAS, capacidad e información institucional",Consulta permanente,Portal / colección,En operación,https://www.gob.mx/cenagas,No equivale a un instrumento individual; seleccionar documentos concretos.
RAD-142,"12.7 Hidrocarburos: CNH, CNE, CENAGAS y ASEA",Convocatoria NOM-015-ASEA-2023,Descompresión de gas natural comprimido,24 jul 2024,Cargado,,https://sidof.segob.gob.mx/notas/5734389 | https://sidof.segob.gob.mx/notas/docFuente/5734389,"Incorporado y cotejado con la fuente oficial el 19 de septiembre de 2026. Se conserva la publicación, no un texto consolidado; no se certifica vigencia. Evidencia: incorporacion-complementos-2026-09-19/VERIFICACION.json."
RAD-143,"12.7 Hidrocarburos: CNH, CNE, CENAGAS y ASEA",Convocatoria NOM-018-ASEA-2023,Plantas de distribución de gas LP,30 jul 2024,Cargado,,https://sidof.segob.gob.mx/notas/5734780 | https://sidof.segob.gob.mx/notas/docFuente/5734780,"Incorporado y cotejado con la fuente oficial el 19 de septiembre de 2026. Se conserva la publicación, no un texto consolidado; no se certifica vigencia. Evidencia: incorporacion-complementos-2026-09-19/VERIFICACION.json."
RAD-144,"12.7 Hidrocarburos: CNH, CNE, CENAGAS y ASEA",Convocatoria NOM-017-ASEA-2023,Instalaciones de almacenamiento de gas LP,14 ago 2024,Cargado,,https://sidof.segob.gob.mx/notas/5736163 | https://sidof.segob.gob.mx/notas/docFuente/5736163,"Incorporado y cotejado con la fuente oficial el 19 de septiembre de 2026. Se conserva la publicación, no un texto consolidado; no se certifica vigencia. Evidencia: incorporacion-complementos-2026-09-19/VERIFICACION.json."
RAD-145,"12.7 Hidrocarburos: CNH, CNE, CENAGAS y ASEA",Convocatoria NOM-011-ASEA-2019,Bodegas de distribución y expendio de gas LP,25 sep 2024,Cargado,,https://sidof.segob.gob.mx/notas/5739627 | https://sidof.segob.gob.mx/notas/docFuente/5739627,"Incorporado y cotejado con la fuente oficial el 19 de septiembre de 2026. Se conserva la publicación, no un texto consolidado; no se certifica vigencia. Evidencia: incorporacion-complementos-2026-09-19/VERIFICACION.json. La publicación es una modificación de convocatoria, no la convocatoria original íntegra."
RAD-146,"12.7 Hidrocarburos: CNH, CNE, CENAGAS y ASEA",Convocatoria,Terceros para dictamen de taponamiento de pozos,17 jul 2025,Cargado,,https://sidof.segob.gob.mx/notas/5763176 | https://sidof.segob.gob.mx/notas/docFuente/5763176,"Incorporado y cotejado con la fuente oficial el 19 de septiembre de 2026. Se conserva la publicación, no un texto consolidado; no se certifica vigencia. Evidencia: incorporacion-complementos-2026-09-19/VERIFICACION.json."
RAD-147,"12.7 Hidrocarburos: CNH, CNE, CENAGAS y ASEA",Convocatoria NOM-019-ASEA-2024,Procesamiento de gas natural,23 dic 2025,Cargado,,https://sidof.segob.gob.mx/notas/5776908 | https://sidof.segob.gob.mx/notas/docFuente/5776908,"Incorporado y cotejado con la fuente oficial el 19 de septiembre de 2026. Se conserva la publicación, no un texto consolidado; no se certifica vigencia. Evidencia: incorporacion-complementos-2026-09-19/VERIFICACION.json."
RAD-148,"12.7 Hidrocarburos: CNH, CNE, CENAGAS y ASEA",Convocatoria NOM-020-ASEA-2024,Transporte de gas natural por ductos,23 dic 2025,Cargado,,https://sidof.segob.gob.mx/notas/5776907 | https://sidof.segob.gob.mx/notas/docFuente/5776907,"Incorporado y cotejado con la fuente oficial el 19 de septiembre de 2026. Se conserva la publicación, no un texto consolidado; no se certifica vigencia. Evidencia: incorporacion-complementos-2026-09-19/VERIFICACION.json."
RAD-149,"12.7 Hidrocarburos: CNH, CNE, CENAGAS y ASEA",Consulta pública PROY-NOM-030-ASEA-2026,Distribución de gas LP mediante auto-tanque y vehículo de reparto; proyecto sujeto a 60 días naturales de comentarios,7 sep 2026,Proyecto / consulta,,https://sidof.segob.gob.mx/notas/5798063,No clasificar como NOM definitiva; comprobar estatus antes de cargar.
RAD-150,"12.8 CONUEE, eficiencia energética y transición",Manual,Manual de Organización General,11 jun 2024,Por cotejar e incorporar,Vigente/transitorio,https://sidof.segob.gob.mx/notas/5730078,Referencia del radar; cotejar fuente completa y vigencia antes de procesar.
RAD-151,"12.8 CONUEE, eficiencia energética y transición",DACG,Electromovilidad e infraestructura de carga,10 sep 2024,Cargado,Vigente/transitorio,https://sidof.segob.gob.mx/notas/5738646 | https://sidof.segob.gob.mx/notas/docFuente/5738646,"Incorporado y cotejado con la fuente oficial el 19 de septiembre de 2026. Se conserva la publicación, no un texto consolidado; no se certifica vigencia. Evidencia: incorporacion-electricidad-2026-09-19/VERIFICACION.json."
RAD-152,"12.8 CONUEE, eficiencia energética y transición",DACG,"Eficiencia en inmuebles, flotas e instalaciones industriales APF 2025",12 mar 2025,Antecedente o efectos limitados,Aplicación 2025,https://sidof.segob.gob.mx/notas/5751673,Conservar estado histórico y cotejar relación con el instrumento posterior.
RAD-153,"12.8 CONUEE, eficiencia energética y transición",NOM-004-ENER-2025,Conjuntos motor-bomba y motobombas,28 abr 2025,Por cotejar e incorporar,Vigente,https://sidof.segob.gob.mx/notas/5755989,Referencia del radar; cotejar fuente completa y vigencia antes de procesar.
RAD-154,"12.8 CONUEE, eficiencia energética y transición",NOM-011-ENER-2025,"Aire acondicionado central, paquete o dividido",29 abr 2025,Por cotejar e incorporar,Vigente,https://sidof.segob.gob.mx/notas/5756076,Referencia del radar; cotejar fuente completa y vigencia antes de procesar.
RAD-155,"12.8 CONUEE, eficiencia energética y transición",NOM-014-ENER-2025,Motores monofásicos,2 jun 2025,Por cotejar e incorporar,Vigente,https://sidof.segob.gob.mx/notas/5758923,Referencia del radar; cotejar fuente completa y vigencia antes de procesar.
RAD-156,"12.8 CONUEE, eficiencia energética y transición",NOM-016-ENER-2025,Motores trifásicos,19 ago 2025,Por cotejar e incorporar,Vigente,https://sidof.segob.gob.mx/notas/5765860,Referencia del radar; cotejar fuente completa y vigencia antes de procesar.
RAD-157,"12.8 CONUEE, eficiencia energética y transición",NOM-035-ENER-2025,Aire acondicionado unitario,20 ago 2025,Por cotejar e incorporar,Vigente,https://sidof.segob.gob.mx/notas/5766188,Referencia del radar; cotejar fuente completa y vigencia antes de procesar.
RAD-158,"12.8 CONUEE, eficiencia energética y transición",NOM-036-ENER/SE-2025,"Estufas de leña, eficiencia y seguridad",4 nov 2025,Por cotejar e incorporar,Vigente,https://sidof.segob.gob.mx/notas/5771767,Referencia del radar; cotejar fuente completa y vigencia antes de procesar.
RAD-159,"12.8 CONUEE, eficiencia energética y transición",Reglas de operación,Comité Consultivo Nacional de Normalización de Transición Energética,11 dic 2025,Por cotejar e incorporar,Vigente,https://sidof.segob.gob.mx/notas/5775809,Referencia del radar; cotejar fuente completa y vigencia antes de procesar.
RAD-160,"12.8 CONUEE, eficiencia energética y transición",Acuerdo,Simplificación de trámites,12 mar 2026,Por cotejar e incorporar,Vigente,https://sidof.segob.gob.mx/notas/5782060,Referencia del radar; cotejar fuente completa y vigencia antes de procesar.
RAD-161,"12.8 CONUEE, eficiencia energética y transición",Disposiciones reglamentarias,"Catálogo de Equipos y Aparatos, reporte de consumo y formatos",11 sep 2026,Cargado,Vigentes desde el 12 sep 2026; sustituyen catálogo de 2023 y formatos de 2020,https://sidof.segob.gob.mx/notas/5798667 | https://sidof.segob.gob.mx/notas/docFuente/5798667,"Incorporado y cotejado con la fuente oficial el 19 de septiembre de 2026. Se conserva la publicación, no un texto consolidado; no se certifica vigencia. Evidencia: incorporacion-complementos-2026-09-19/VERIFICACION.json."
RAD-162,"12.8 CONUEE, eficiencia energética y transición",Proyectos NOM,"PROY-NOM-007-ENER-2026 y PROY-NOM-013-ENER-2026, eficiencia de alumbrado",14 sep 2026,Proyecto / consulta,En consulta por 60 días naturales; aún no vigentes como NOM,https://www.dof.gob.mx/abrirPDF.php?anio=2026&archivo=14092026-MAT.pdf&repo=,Esta fila agrupa dos proyectos de NOM en una edición diaria del DOF. Separar ambos proyectos al preparar su carga.
RAD-163,"12.8 CONUEE, eficiencia energética y transición",Proyectos NOM,"Lavadoras comerciales, microondas y calentadores eléctricos",27 mar 2026,Proyecto / consulta,En consulta al corte,https://sidof.segob.gob.mx/notas/5783447 | https://sidof.segob.gob.mx/notas/5783448 | https://sidof.segob.gob.mx/notas/5783449,Esta fila agrupa tres proyectos de NOM y tres notas oficiales. Contarlos como tres documentos al preparar la carga.
RAD-164,"12.8 CONUEE, eficiencia energética y transición",Proyectos NOM,Calentadores solares y ventiladores,23 jun 2026,Proyecto / consulta,En consulta al corte,https://sidof.segob.gob.mx/notas/5791368 | https://sidof.segob.gob.mx/notas/5791369,Esta fila agrupa dos proyectos de NOM y dos notas oficiales. Contarlos como dos documentos al preparar la carga.
RAD-165,"12.8 CONUEE, eficiencia energética y transición",NOM-022-ENER/SE-2025,"Refrigeración comercial autocontenida: eficiencia, seguridad, pruebas y etiquetado",23 jul 2026,Por cotejar e incorporar,Publicada; entrada en vigor en 180 días naturales,https://sidof.segob.gob.mx/notas/5794525,Referencia del radar; cotejar fuente completa y vigencia antes de procesar.
RAD-166,"12.8 CONUEE, eficiencia energética y transición",Suplemento de programa de normalización,Modificación de la NOM-002-SEDE/ENER-2014 para transformadores de distribución,26 ago 2026,Por cotejar e incorporar,Inscrita por primera vez; modificación aún no publicada,https://www.dof.gob.mx/abrirPDF.php?anio=2026&archivo=26082026-MAT.pdf&repo=,"La publicación es el suplemento de un programa de normalización. La modificación de la NOM está programada, no publicada como texto final según el radar; no cargarla como NOM modificada vigente."
RAD-167,"12.8 CONUEE, eficiencia energética y transición",Portal,"Normas, programas y herramientas",Consulta permanente,Portal / colección,En operación,https://www.gob.mx/conuee,No equivale a un instrumento individual; seleccionar documentos concretos.
RAD-168,"12.9 LitioMx, INEEL, IMP e ININ",Aviso / programa,Programa Institucional de Litio para México 2026-2030,24 jul 2026,Por cotejar e incorporar,Publicado,https://sidof.segob.gob.mx/notas/5794681,Referencia del radar; cotejar fuente completa y vigencia antes de procesar.
RAD-169,"12.9 LitioMx, INEEL, IMP e ININ",Aviso,Manual de Organización General,17 sep 2024,Por cotejar e incorporar,Publicado por aviso,https://sidof.segob.gob.mx/notas/5739127,Referencia del radar; cotejar fuente completa y vigencia antes de procesar.
RAD-170,"12.9 LitioMx, INEEL, IMP e ININ",Estatuto,Estatuto Orgánico,10 sep 2024,Antecedente o efectos limitados,**Abrogado a partir del 28 ago 2026**,https://sidof.segob.gob.mx/notas/5738636,Referencia repetida de RAD-095. Conservar estado histórico y cotejar relación con el instrumento posterior.
RAD-171,"12.9 LitioMx, INEEL, IMP e ININ",Manual,Manual de Organización General,13 mar 2025,Por cotejar e incorporar,Vigente,https://sidof.segob.gob.mx/notas/5751783,Referencia repetida de RAD-096. Referencia del radar; cotejar fuente completa y vigencia antes de procesar.
RAD-172,"12.9 LitioMx, INEEL, IMP e ININ",Aviso / programa,Programa Institucional ININ 2026-2030,1 abr 2026,Por cotejar e incorporar,Actualizado posteriormente,https://sidof.segob.gob.mx/notas/5783849,Referencia del radar; cotejar fuente completa y vigencia antes de procesar.
RAD-173,"12.9 LitioMx, INEEL, IMP e ININ",Programa,Programa Institucional INEEL 2026-2030,1 jun 2026,Por cotejar e incorporar,Vigente,https://sidof.segob.gob.mx/notas/5789107,Referencia del radar; cotejar fuente completa y vigencia antes de procesar.
RAD-174,"12.9 LitioMx, INEEL, IMP e ININ",Aviso / programa,Programa Institucional Estratégico IMP 2026-2030,10 jun 2026,Por cotejar e incorporar,Vigente,https://sidof.segob.gob.mx/notas/5790183,Referencia repetida de RAD-102. Referencia del radar; cotejar fuente completa y vigencia antes de procesar.
RAD-175,"12.9 LitioMx, INEEL, IMP e ININ",Estatuto orgánico,Estatuto Orgánico del Instituto Mexicano del Petróleo,27 ago 2026,Por cotejar e incorporar,Publicado; vigente desde el 28 ago 2026,https://sidof.segob.gob.mx/notas/5797266,Referencia repetida de RAD-103. Referencia del radar; cotejar fuente completa y vigencia antes de procesar.
RAD-176,"12.9 LitioMx, INEEL, IMP e ININ",Aviso / actualización,Actualización del Programa Institucional ININ 2026-2030,10 jun 2026,Por cotejar e incorporar,Última localizada,https://sidof.segob.gob.mx/notas/5790184,Referencia del radar; cotejar fuente completa y vigencia antes de procesar.
RAD-177,"12.9 LitioMx, INEEL, IMP e ININ",Portal,Investigación eléctrica y energías limpias,Consulta permanente,Portal / colección,En operación,https://www.ineel.mx/,No equivale a un instrumento individual; seleccionar documentos concretos.
RAD-178,"12.9 LitioMx, INEEL, IMP e ININ",Portal,Investigación y servicios en hidrocarburos,Consulta permanente,Portal / colección,En operación,https://www.gob.mx/imp,No equivale a un instrumento individual; seleccionar documentos concretos.
RAD-179,"12.9 LitioMx, INEEL, IMP e ININ",Portal,Investigación nuclear,Consulta permanente,Portal / colección,En operación,https://www.gob.mx/inin,No equivale a un instrumento individual; seleccionar documentos concretos.
