"id","seccion","subseccion","fecha_radar","tipo_radar","titulo_radar","estado_radar","estado_carga","titulo_en_supabase","repite_fuente_de","codigos_dof","fuentes","linea_radar","nota"
"RAD-001","12.1 Constitución, leyes, PND y reglamentos","","31 oct 2024","Decreto constitucional","Áreas y empresas estratégicas","Vigente","FALTA EN CATALOGO","","","5742012","https://sidof.segob.gob.mx/notas/5742012","1540","Referencia del radar; cotejar fuente completa y vigencia antes de procesar."
"RAD-002","12.1 Constitución, leyes, PND y reglamentos","","20 dic 2024","Decreto constitucional","Simplificación orgánica; transferencia de funciones regulatorias","Vigente","FALTA EN CATALOGO","","","5745905","https://sidof.segob.gob.mx/notas/5745905","1541","Referencia del radar; cotejar fuente completa y vigencia antes de procesar."
"RAD-003","12.1 Constitución, leyes, PND y reglamentos","","18 mar 2025","Decreto legislativo","Ocho leyes energéticas, Fondo Mexicano del Petróleo y LOAPF","Vigente","DECRETO COMPUESTO: COBERTURA PARCIAL","","","5752329","https://sidof.segob.gob.mx/notas/5752329","1542","LSE y LPTE cargadas. Faltan seis leyes; separar además reformas a LOAPF y Fondo Mexicano del Petróleo."
"RAD-004","12.1 Constitución, leyes, PND y reglamentos","","18 mar 2025","Decreto legislativo","Reforma a la Ley de Ingresos sobre Hidrocarburos","Vigente","FALTA EN CATALOGO","","","5752330","https://sidof.segob.gob.mx/notas/5752330","1543","Referencia del radar; cotejar fuente completa y vigencia antes de procesar."
"RAD-005","12.1 Constitución, leyes, PND y reglamentos","","15 abr 2025","Decreto","Aprueba PND 2025-2030","Vigente","FALTA EN CATALOGO","","","5755161","https://sidof.segob.gob.mx/notas/5755161","1544","Referencia del radar; cotejar fuente completa y vigencia antes de procesar."
"RAD-006","12.1 Constitución, leyes, PND y reglamentos","","15 abr 2025","Plan","Texto del PND 2025-2030","Vigente","FALTA EN CATALOGO","","","5755162","https://sidof.segob.gob.mx/notas/5755162","1545","Referencia del radar; cotejar fuente completa y vigencia antes de procesar."
"RAD-007","12.1 Constitución, leyes, PND y reglamentos","","17 abr 2025","Reglamento interior","Reglamento Interior de la SENER","Vigente","YA CARGADO","Reglamento Interior de la Secretaría de Energía","","5755222","https://sidof.segob.gob.mx/notas/5755222","1546","Coincidencia de código DOF; RLSE conciliado por identidad del instrumento. No implica validación de sus fragmentos."
"RAD-008","12.1 Constitución, leyes, PND y reglamentos","","8 may 2025","Reglamento interior","Reglamento Interior de la CNE","Vigente","FALTA EN CATALOGO","","","5756757","https://sidof.segob.gob.mx/notas/5756757","1547","Referencia del radar; cotejar fuente completa y vigencia antes de procesar."
"RAD-009","12.1 Constitución, leyes, PND y reglamentos","","3 oct 2025","Reglamento","Ley del Sector Hidrocarburos","Vigente","YA CARGADO","Reglamento de la Ley del Sector de Hidrocarburos","","5769153","https://sidof.segob.gob.mx/notas/5769153","1548","Coincidencia de código DOF; RLSE conciliado por identidad del instrumento. No implica validación de sus fragmentos."
"RAD-010","12.1 Constitución, leyes, PND y reglamentos","","3 oct 2025","Reglamento","Ley de Geotermia","Vigente","FALTA EN CATALOGO","","","5769154","https://sidof.segob.gob.mx/notas/5769154","1549","Referencia del radar; cotejar fuente completa y vigencia antes de procesar."
"RAD-011","12.1 Constitución, leyes, PND y reglamentos","","3 oct 2025","Reglamento","Ley del Sector Eléctrico","Vigente","YA CARGADO","Reglamento de la Ley del Sector Eléctrico","","5769155","https://sidof.segob.gob.mx/notas/5769155","1550","Coincidencia de código DOF; RLSE conciliado por identidad del instrumento. No implica validación de sus fragmentos."
"RAD-012","12.1 Constitución, leyes, PND y reglamentos","","3 oct 2025","Reglamento","Ley de Biocombustibles","Vigente","FALTA EN CATALOGO","","","5769156","https://sidof.segob.gob.mx/notas/5769156","1551","Referencia del radar; cotejar fuente completa y vigencia antes de procesar."
"RAD-013","12.1 Constitución, leyes, PND y reglamentos","","3 oct 2025","Reglamento","Ley de Planeación y Transición Energética","Vigente","YA CARGADO","Reglamento de la Ley de Planeación y Transición Energética","","5769157","https://sidof.segob.gob.mx/notas/5769157","1552","Coincidencia de código DOF; RLSE conciliado por identidad del instrumento. No implica validación de sus fragmentos."
"RAD-014","12.1 Constitución, leyes, PND y reglamentos","","3 oct 2025","Reforma reglamentaria","Reglamento de la Ley de Ingresos sobre Hidrocarburos","Vigente","FALTA EN CATALOGO","","","5769158","https://sidof.segob.gob.mx/notas/5769158","1553","Referencia del radar; cotejar fuente completa y vigencia antes de procesar."
"RAD-015","12.1 Constitución, leyes, PND y reglamentos","","2 dic 2025","Reglamento","Ley de la Empresa Pública del Estado, CFE","Vigente; fe de erratas posterior","FALTA EN CATALOGO","","","5774837","https://sidof.segob.gob.mx/notas/5774837","1554","Referencia del radar; cotejar fuente completa y vigencia antes de procesar."
"RAD-016","12.1 Constitución, leyes, PND y reglamentos","","29 dic 2025","Fe de erratas","Reglamento de la Ley de CFE","Integra el texto aplicable","FALTA EN CATALOGO","","","5777392","https://sidof.segob.gob.mx/notas/5777392","1555","Referencia del radar; cotejar fuente completa y vigencia antes de procesar."
"RAD-017","12.1 Constitución, leyes, PND y reglamentos","","3 dic 2025","Reglamento","Ley de la Empresa Pública del Estado, PEMEX","Vigente","FALTA EN CATALOGO","","","5775017","https://sidof.segob.gob.mx/notas/5775017","1556","Referencia del radar; cotejar fuente completa y vigencia antes de procesar."
"RAD-018","12.1 Constitución, leyes, PND y reglamentos","","27 abr 2026","Manual","Manual de Organización General de la SENER","Vigente","FALTA EN CATALOGO","","","5785999","https://sidof.segob.gob.mx/notas/5785999","1557","Referencia del radar; cotejar fuente completa y vigencia antes de procesar."
"RAD-019","12.1 Constitución, leyes, PND y reglamentos","","29 may 2026","Manual","Manual de Organización General de la CNE","Vigente","FALTA EN CATALOGO","","","5788990","https://sidof.segob.gob.mx/notas/5788990","1558","Referencia del radar; cotejar fuente completa y vigencia antes de procesar."
"RAD-020","12.1 Constitución, leyes, PND y reglamentos","","17 jul 2026","Sentencia","Controversia constitucional 124/2025; límite de competencias municipales en hidrocarburos y electricidad","Publicada; invalidez con efectos desde la notificación al Congreso local","FALTA EN CATALOGO","","","5793873","https://sidof.segob.gob.mx/notas/5793873","1559","Referencia del radar; cotejar fuente completa y vigencia antes de procesar."
"RAD-021","12.2 SENER: planeación, transición e información","","23 ene 2024","Acuerdo","Actualización de la Estrategia de Transición para Promover el Uso de Tecnologías y Combustibles más Limpios","**Sin efectos**; el PROSENER indica que será sustituida","FALTA: ANTECEDENTE O EFECTOS LIMITADOS","","","5714865","https://sidof.segob.gob.mx/notas/5714865","1565","Conservar estado histórico y cotejar relación con el instrumento posterior."
"RAD-022","12.2 SENER: planeación, transición e información","","31 may 2024","Programa","PRODESEN 2024-2038","Antecedente del régimen previo","FALTA: ANTECEDENTE O EFECTOS LIMITADOS","","","","https://www.gob.mx/sener/articulos/programa-de-desarrollo-del-sistema-electrico-nacional-2024-2038 ; https://www.cenace.gob.mx/Docs/16_MARCOREGULATORIO/Prodecen/20%202024-2038%20Cap%C3%ADtulos%201%20al%206.pdf","1566","Conservar estado histórico y cotejar relación con el instrumento posterior."
"RAD-023","12.2 SENER: planeación, transición e información","","18 sep 2024","Acuerdo modificatorio","Mercancías cuya importación y exportación regula SENER","Vigente/transitorio","FALTA EN CATALOGO","","","5739205","https://sidof.segob.gob.mx/notas/5739205","1567","Referencia del radar; cotejar fuente completa y vigencia antes de procesar."
"RAD-024","12.2 SENER: planeación, transición e información","","17 oct 2025","Acuerdo / plan","PLADESE 2025-2039","Publicado y rector del sector eléctrico","FALTA EN CATALOGO","","","5770297","https://sidof.segob.gob.mx/notas/5770297","1568","Referencia del radar; cotejar fuente completa y vigencia antes de procesar."
"RAD-025","12.2 SENER: planeación, transición e información","","17 oct 2025","DACG","Planeación vinculante en generación eléctrica","Vigente","YA CARGADO","DACG para la planeación vinculante en la actividad de generación de energía eléctrica","","5770298","https://sidof.segob.gob.mx/notas/5770298","1569","Coincidencia de código DOF; RLSE conciliado por identidad del instrumento. No implica validación de sus fragmentos."
"RAD-026","12.2 SENER: planeación, transición e información","","17 oct 2025","Convocatoria","Primera atención prioritaria de permisos e interconexión","Modificada tres veces","FALTA EN CATALOGO","","","5770299","https://sidof.segob.gob.mx/notas/5770299","1570","Referencia del radar; cotejar fuente completa y vigencia antes de procesar."
"RAD-027","12.2 SENER: planeación, transición e información","","24 oct 2025","Modificación","Primera convocatoria","Integra requisitos y plazos","FALTA EN CATALOGO","","","5770917","https://sidof.segob.gob.mx/notas/5770917","1571","Referencia del radar; cotejar fuente completa y vigencia antes de procesar."
"RAD-028","12.2 SENER: planeación, transición e información","","10 nov 2025","Segunda modificación","Primera convocatoria","Integra requisitos y plazos","FALTA EN CATALOGO","","","5772392","https://sidof.segob.gob.mx/notas/5772392","1572","Referencia del radar; cotejar fuente completa y vigencia antes de procesar."
"RAD-029","12.2 SENER: planeación, transición e información","","2 dic 2025","Tercera modificación","Primera convocatoria","Última modificación localizada de esa convocatoria","FALTA EN CATALOGO","","","5774850","https://sidof.segob.gob.mx/notas/5774850","1573","Referencia del radar; cotejar fuente completa y vigencia antes de procesar."
"RAD-030","12.2 SENER: planeación, transición e información","","22 dic 2025","Decreto","Aprobación de PROSENER 2025-2030","Vigente","FALTA EN CATALOGO","","","5776837","https://sidof.segob.gob.mx/notas/5776837","1574","Referencia del radar; cotejar fuente completa y vigencia antes de procesar."
"RAD-031","12.2 SENER: planeación, transición e información","","22 dic 2025","Programa","Texto de PROSENER 2025-2030","Vigente","FALTA EN CATALOGO","","","5776838","https://sidof.segob.gob.mx/notas/5776838","1575","Referencia del radar; cotejar fuente completa y vigencia antes de procesar."
"RAD-032","12.2 SENER: planeación, transición e información","","28 ene 2026","Lineamientos CFE","Esquemas para el Desarrollo Mixto","Sustento normativo; distinto de la convocatoria","FALTA EN CATALOGO","","","5778994","https://sidof.segob.gob.mx/notas/5778994","1576","Referencia del radar; cotejar fuente completa y vigencia antes de procesar."
"RAD-033","12.2 SENER: planeación, transición e información","","6 feb 2026","Aviso SENER","Convocatoria para Esquemas de Desarrollo Mixto de CFE","Registro cerrado el 3 mar 2026; nota DOF propia pendiente de acreditar","FALTA EN CATALOGO","","","","https://ventanilla.energia.gob.mx/avisos/8","1577","Referencia del radar; cotejar fuente completa y vigencia antes de procesar."
"RAD-034","12.2 SENER: planeación, transición e información","","8 may 2026","Lineamientos","Ventanilla Única de Autoconsumo","Vigente","FALTA EN CATALOGO","","","5786923","https://sidof.segob.gob.mx/notas/5786923","1578","Referencia del radar; cotejar fuente completa y vigencia antes de procesar."
"RAD-035","12.2 SENER: planeación, transición e información","","11 may 2026","Convocatoria","Segunda atención prioritaria de generación e interconexión","Modificada cuatro veces","FALTA EN CATALOGO","","","5787117","https://sidof.segob.gob.mx/notas/5787117","1579","Referencia del radar; cotejar fuente completa y vigencia antes de procesar."
"RAD-036","12.2 SENER: planeación, transición e información","","15 may 2026","Convocatoria","Proyectos estratégicos de generación y almacenamiento","Modificada tres veces","FALTA EN CATALOGO","","","5787666","https://sidof.segob.gob.mx/notas/5787666","1580","Referencia del radar; cotejar fuente completa y vigencia antes de procesar."
"RAD-037","12.2 SENER: planeación, transición e información","","26 may 2026","Modificación","Proyectos estratégicos","Primera modificación","FALTA EN CATALOGO","","","5788508","https://sidof.segob.gob.mx/notas/5788508","1581","Referencia del radar; cotejar fuente completa y vigencia antes de procesar."
"RAD-038","12.2 SENER: planeación, transición e información","","26 may 2026","Modificación","Segunda convocatoria","Primera modificación","FALTA EN CATALOGO","","","5788509","https://sidof.segob.gob.mx/notas/5788509","1582","Referencia del radar; cotejar fuente completa y vigencia antes de procesar."
"RAD-039","12.2 SENER: planeación, transición e información","","8 jun 2026","Modificación","Segunda convocatoria","Segunda modificación","FALTA EN CATALOGO","","","5789883","https://sidof.segob.gob.mx/notas/5789883","1583","Referencia del radar; cotejar fuente completa y vigencia antes de procesar."
"RAD-040","12.2 SENER: planeación, transición e información","","18 jun 2026","Modificación","Segunda convocatoria","Tercera modificación","FALTA EN CATALOGO","","","5790938","https://sidof.segob.gob.mx/notas/5790938","1584","Referencia del radar; cotejar fuente completa y vigencia antes de procesar."
"RAD-041","12.2 SENER: planeación, transición e información","","10 sep 2026","Modificación","Segunda convocatoria","Cuarta modificación; reprograma etapas 8 a 17 y entra en vigor el mismo día","FALTA EN CATALOGO","","","5798361","https://sidof.segob.gob.mx/notas/5798361","1585","Referencia del radar; cotejar fuente completa y vigencia antes de procesar."
"RAD-042","12.2 SENER: planeación, transición e información","","18 jun 2026","Lineamientos","Migración voluntaria y expedita de autoabastecimiento y cogeneración","Vigente; nota aclaratoria posterior","FALTA EN CATALOGO","","","5790937","https://sidof.segob.gob.mx/notas/5790937","1586","Referencia del radar; cotejar fuente completa y vigencia antes de procesar."
"RAD-043","12.2 SENER: planeación, transición e información","","26 jun 2026","Nota aclaratoria","Lineamientos de migración","Integra el texto aplicable","FALTA EN CATALOGO","","","5791847","https://sidof.segob.gob.mx/notas/5791847","1587","Referencia del radar; cotejar fuente completa y vigencia antes de procesar."
"RAD-044","12.2 SENER: planeación, transición e información","","8 sep 2026","Acuerdo modificatorio","Lineamientos de migración de autoabastecimiento y cogeneración","Amplía calendarios y precisa conexión, SAEE, pruebas, suministro y medición; vigente desde el día hábil siguiente","FALTA EN CATALOGO","","","5798117","https://sidof.segob.gob.mx/notas/5798117","1588","Referencia del radar; cotejar fuente completa y vigencia antes de procesar."
"RAD-045","12.2 SENER: planeación, transición e información","","10 jul 2026","Modificación","Proyectos estratégicos de generación y almacenamiento","Segunda modificación","FALTA EN CATALOGO","","","5793261","https://sidof.segob.gob.mx/notas/5793261","1589","Referencia del radar; cotejar fuente completa y vigencia antes de procesar."
"RAD-046","12.2 SENER: planeación, transición e información","","31 ago 2026","Acuerdo / formatos","Permisos, autorizaciones, bitácoras y avisos de biocombustibles","Publicado; vigente desde el 1 sep 2026; deja sin efectos el acuerdo de formatos de 13 nov 2009","FALTA: ANTECEDENTE O EFECTOS LIMITADOS","","","5797477","https://sidof.segob.gob.mx/notas/5797477","1590","Conservar estado histórico y cotejar relación con el instrumento posterior."
"RAD-047","12.2 SENER: planeación, transición e información","","2 sep 2026","Tercera modificación","Proyectos estratégicos de generación y almacenamiento","Mantiene cierre de generación el 2 sep; amplía SAEE al 30 oct 2026","FALTA EN CATALOGO","","","5797703","https://sidof.segob.gob.mx/notas/5797703","1591","Referencia del radar; cotejar fuente completa y vigencia antes de procesar."
"RAD-048","12.2 SENER: planeación, transición e información","","7 sep 2026","Plan","Plan de Desarrollo del Sector Hidrocarburos (PLADESHi)","Publicado y vigente; horizonte de 15 años, revisiones anuales y escenarios 2025-2039","FALTA EN CATALOGO","","","5798065","https://sidof.segob.gob.mx/notas/5798065","1592","Referencia del radar; cotejar fuente completa y vigencia antes de procesar."
"RAD-049","12.2 SENER: planeación, transición e información","","Consulta permanente","Sistema","Sistema de Información Energética","En operación","PORTAL O COLECCION","","","","https://sie.energia.gob.mx/inicio/","1593","No equivale a un instrumento individual; seleccionar documentos concretos."
"RAD-050","12.2 SENER: planeación, transición e información","","Consulta permanente","Publicación","Balance Nacional de Energía","Colección oficial anual","PORTAL O COLECCION","","","","https://www.gob.mx/sener/articulos/balance-nacional-de-energia-296106","1594","No equivale a un instrumento individual; seleccionar documentos concretos."
"RAD-051","12.2 SENER: planeación, transición e información","Instrumentos previstos pero no localizados como publicación","","Estrategia Nacional de Transición Energética","Estrategia Nacional de Transición Energética","No localizada; PROSENER dijo que estaba en elaboración","PENDIENTE DE PUBLICACION VERIFICADA","","","5752329","https://sidof.segob.gob.mx/notas/5752329","1600","La URL sustenta la previsión del instrumento; no es el documento faltante."
"RAD-052","12.2 SENER: planeación, transición e información","Instrumentos previstos pero no localizados como publicación","","PLATEASE","PLATEASE","No localizado como instrumento emitido","PENDIENTE DE PUBLICACION VERIFICADA","","","5769157","https://sidof.segob.gob.mx/notas/5769157","1601","La URL sustenta la previsión del instrumento; no es el documento faltante."
"RAD-053","12.2 SENER: planeación, transición e información","Instrumentos previstos pero no localizados como publicación","","Declaratoria integral de operación del SNIE","Declaratoria integral de operación del SNIE","No localizada","PENDIENTE DE PUBLICACION VERIFICADA","","","5769157","https://sidof.segob.gob.mx/notas/5769157","1602","La URL sustenta la previsión del instrumento; no es el documento faltante."
"RAD-054","12.3 CNE, CRE y CENACE: electricidad, permisos, redes y mercado","","12 ene 2024","Manual","Suspensión de Operaciones del Mercado de Energía de Corto Plazo","Vigente/transitorio","FALTA EN CATALOGO","","","5714307","https://sidof.segob.gob.mx/notas/5714307","1608","Referencia del radar; cotejar fuente completa y vigencia antes de procesar."
"RAD-055","12.3 CNE, CRE y CENACE: electricidad, permisos, redes y mercado","","17 ene 2024","Acuerdo A/062/2023","Modificación o transferencia de permisos de generación y suministro","Derogado en la parte aplicable por DACG de 23 oct 2025","FALTA: ANTECEDENTE O EFECTOS LIMITADOS","","","5714540","https://sidof.segob.gob.mx/notas/5714540","1609","Conservar estado histórico y cotejar relación con el instrumento posterior."
"RAD-056","12.3 CNE, CRE y CENACE: electricidad, permisos, redes y mercado","","18 ene 2024","Acuerdo A/051/2023","Beneficio neto de obras particulares en PAM y cesión de redes","Vigente/transitorio","FALTA EN CATALOGO","","","5714631","https://sidof.segob.gob.mx/notas/5714631","1610","Referencia del radar; cotejar fuente completa y vigencia antes de procesar."
"RAD-057","12.3 CNE, CRE y CENACE: electricidad, permisos, redes y mercado","","23 ene 2024","Acuerdo A/025/2023","Acceso abierto a RNT y RGD","Vigente/transitorio","FALTA EN CATALOGO","","","5714880","https://sidof.segob.gob.mx/notas/5714880","1611","Referencia del radar; cotejar fuente completa y vigencia antes de procesar."
"RAD-058","12.3 CNE, CRE y CENACE: electricidad, permisos, redes y mercado","","12 mar 2024","Acuerdo","Insistencia de modificaciones de 2019 a lineamientos CEL","Define retorno al marco previo","FALTA EN CATALOGO","","","5719864","https://sidof.segob.gob.mx/notas/5719864","1612","Referencia del radar; cotejar fuente completa y vigencia antes de procesar."
"RAD-059","12.3 CNE, CRE y CENACE: electricidad, permisos, redes y mercado","","8 abr 2024","Acuerdo A/007/2024","Asignación de CEL disponibles, obligación 2022","Acto ejecutado","FALTA EN CATALOGO","","","5722482","https://sidof.segob.gob.mx/notas/5722482","1613","Referencia del radar; cotejar fuente completa y vigencia antes de procesar."
"RAD-060","12.3 CNE, CRE y CENACE: electricidad, permisos, redes y mercado","","17 ago 2026","Acuerdo","Requisitos CEL 2025-2026","Vigente; 13.9% anual","FALTA EN CATALOGO","","","","https://www.dof.gob.mx/abrirPDF.php?anio=2026&archivo=17082026-MAT.pdf&repo=","1614","Referencia del radar; cotejar fuente completa y vigencia antes de procesar."
"RAD-061","12.3 CNE, CRE y CENACE: electricidad, permisos, redes y mercado","","23 abr 2024","Acuerdo A/023/2024","Exclusión de centros de carga de autoabastecimiento o cogeneración legada","Vigente/transitorio; revisar lineamientos de migración 2026","FALTA EN CATALOGO","","","5724250","https://sidof.segob.gob.mx/notas/5724250","1615","Referencia del radar; cotejar fuente completa y vigencia antes de procesar."
"RAD-062","12.3 CNE, CRE y CENACE: electricidad, permisos, redes y mercado","","20 may 2024","Acuerdo A/054/2024","Unidades de inspección para centros de carga, generación, transmisión y distribución","Vigente/transitorio","FALTA EN CATALOGO","","","5727366","https://sidof.segob.gob.mx/notas/5727366","1616","Referencia del radar; cotejar fuente completa y vigencia antes de procesar."
"RAD-063","12.3 CNE, CRE y CENACE: electricidad, permisos, redes y mercado","","13 jun 2024","Acuerdo A/061/2024","Deja insubsistente modificación de 2020 sobre permisos","Antecedente; régimen sustituido en 2025","FALTA: ANTECEDENTE O EFECTOS LIMITADOS","","","5730361","https://sidof.segob.gob.mx/notas/5730361","1617","Conservar estado histórico y cotejar relación con el instrumento posterior."
"RAD-064","12.3 CNE, CRE y CENACE: electricidad, permisos, redes y mercado","","10 sep 2024","Acuerdo A/108/2024","Electromovilidad e infraestructura de carga conectada al SEN","Vigente/transitorio","FALTA EN CATALOGO","","","5738646","https://sidof.segob.gob.mx/notas/5738646","1618","Referencia del radar; cotejar fuente completa y vigencia antes de procesar."
"RAD-065","12.3 CNE, CRE y CENACE: electricidad, permisos, redes y mercado","","30 ene 2025","Acuerdo A/085/2024","Liquidación de cargas indirectamente modeladas en suministro de último recurso","Vigente/transitorio","FALTA EN CATALOGO","","","5748078","https://sidof.segob.gob.mx/notas/5748078","1619","Referencia del radar; cotejar fuente completa y vigencia antes de procesar."
"RAD-066","12.3 CNE, CRE y CENACE: electricidad, permisos, redes y mercado","","7 mar 2025","Acuerdo A/113/2024","Primeras DACG de almacenamiento eléctrico","**Sin efectos desde abril de 2026**","FALTA: ANTECEDENTE O EFECTOS LIMITADOS","","","5751230","https://sidof.segob.gob.mx/notas/5751230","1620","Conservar estado histórico y cotejar relación con el instrumento posterior."
"RAD-067","12.3 CNE, CRE y CENACE: electricidad, permisos, redes y mercado","","6 ago 2025","Acuerdo","Permiso de autoconsumo interconectado de 0.7 a 20 MW","Vigente","FALTA EN CATALOGO","","","5764827","https://sidof.segob.gob.mx/notas/5764827","1621","Referencia del radar; cotejar fuente completa y vigencia antes de procesar."
"RAD-068","12.3 CNE, CRE y CENACE: electricidad, permisos, redes y mercado","","7 oct 2025","Formato","Autoconsumo interconectado 0.7-20 MW","Vigente","FALTA EN CATALOGO","","","5769388","https://sidof.segob.gob.mx/notas/5769388","1622","Referencia del radar; cotejar fuente completa y vigencia antes de procesar."
"RAD-069","12.3 CNE, CRE y CENACE: electricidad, permisos, redes y mercado","","23 oct 2025","DACG","Permisos de generación y almacenamiento, modificaciones y vigencias","Vigente","FALTA EN CATALOGO","","","5770667","https://sidof.segob.gob.mx/notas/5770667","1623","Referencia del radar; cotejar fuente completa y vigencia antes de procesar."
"RAD-070","12.3 CNE, CRE y CENACE: electricidad, permisos, redes y mercado","","17 mar 2026","Contrato modelo","Interconexión y conexión de centrales, SAEE y centros de carga","Vigente","FALTA EN CATALOGO","","","5782317","https://sidof.segob.gob.mx/notas/5782317","1624","Referencia del radar; cotejar fuente completa y vigencia antes de procesar."
"RAD-071","12.3 CNE, CRE y CENACE: electricidad, permisos, redes y mercado","","3 abr 2026","DACG","Mecanismos competitivos CENACE para potencia, energía, servicios conexos y confiabilidad","Vigente","FALTA EN CATALOGO","","","5784027","https://sidof.segob.gob.mx/notas/5784027","1625","Referencia del radar; cotejar fuente completa y vigencia antes de procesar."
"RAD-072","12.3 CNE, CRE y CENACE: electricidad, permisos, redes y mercado","","16 abr 2026","DACG","Cogeneración","Vigente","FALTA EN CATALOGO","","","5785044","https://sidof.segob.gob.mx/notas/5785044","1626","Referencia del radar; cotejar fuente completa y vigencia antes de procesar."
"RAD-073","12.3 CNE, CRE y CENACE: electricidad, permisos, redes y mercado","","16 abr 2026","DACG","Integración de SAEE al SEN","Vigente; sustituye A/113/2024","YA CARGADO","ACUERDO de la CNE por el que se emiten las DACG para la integración de SAE al SEN","","5785045","https://sidof.segob.gob.mx/notas/5785045","1627","Coincidencia de código DOF; RLSE conciliado por identidad del instrumento. No implica validación de sus fragmentos."
"RAD-074","12.3 CNE, CRE y CENACE: electricidad, permisos, redes y mercado","","22 may 2026","Formatos","Cogeneración","Vigente","FALTA EN CATALOGO","","","5788271","https://sidof.segob.gob.mx/notas/5788271","1628","Referencia del radar; cotejar fuente completa y vigencia antes de procesar."
"RAD-075","12.3 CNE, CRE y CENACE: electricidad, permisos, redes y mercado","","22 may 2026","Formatos","SAEE","Vigente","FALTA EN CATALOGO","","","5788270","https://sidof.segob.gob.mx/notas/5788270","1629","Referencia del radar; cotejar fuente completa y vigencia antes de procesar."
"RAD-076","12.3 CNE, CRE y CENACE: electricidad, permisos, redes y mercado","","18 jun 2026","Metodología","Cargo de transmisión para permisos legados LSPEE","Vigente","FALTA EN CATALOGO","","","5790939","https://sidof.segob.gob.mx/notas/5790939","1630","Referencia del radar; cotejar fuente completa y vigencia antes de procesar."
"RAD-077","12.4 CENACE","","12 ene 2024","Manual","Suspensión del Mercado de Energía de Corto Plazo","Vigente/transitorio","FALTA EN CATALOGO","","RAD-054","5714307","https://sidof.segob.gob.mx/notas/5714307","1636","Referencia del radar; cotejar fuente completa y vigencia antes de procesar."
"RAD-078","12.4 CENACE","","17 oct 2025","Insumo de planeación","PLADESE, PVIRCE y PAM","CENACE participa como soporte técnico","FALTA EN CATALOGO","","RAD-024","5770297","https://sidof.segob.gob.mx/notas/5770297","1637","Referencia del radar; cotejar fuente completa y vigencia antes de procesar."
"RAD-079","12.4 CENACE","","17 mar 2026","Contrato modelo","Interconexión y conexión","Aplicación operativa junto con CNE y CFE","FALTA EN CATALOGO","","RAD-070","5782317","https://sidof.segob.gob.mx/notas/5782317","1638","Referencia del radar; cotejar fuente completa y vigencia antes de procesar."
"RAD-080","12.4 CENACE","","3 abr 2026","DACG","Mecanismos competitivos para confiabilidad","Vigente","FALTA EN CATALOGO","","RAD-071","5784027","https://sidof.segob.gob.mx/notas/5784027","1639","Referencia del radar; cotejar fuente completa y vigencia antes de procesar."
"RAD-081","12.4 CENACE","","30 abr 2026","Aviso / programa","Programa Institucional CENACE 2026-2030","Publicado por aviso","FALTA EN CATALOGO","","","5786368","https://sidof.segob.gob.mx/notas/5786368","1640","Referencia del radar; cotejar fuente completa y vigencia antes de procesar."
"RAD-082","12.4 CENACE","","Consulta permanente","Marco regulatorio","Documentos de planeación y operación","Portal institucional","PORTAL O COLECCION","","","","https://www.cenace.gob.mx/","1641","No equivale a un instrumento individual; seleccionar documentos concretos."
"RAD-083","12.5 CFE","","1 abr 2024","Modificación estatutaria","Estatuto Orgánico de la CFE","Antecedente del régimen previo","FALTA: ANTECEDENTE O EFECTOS LIMITADOS","","","5721854","https://sidof.segob.gob.mx/notas/5721854","1647","Conservar estado histórico y cotejar relación con el instrumento posterior."
"RAD-084","12.5 CFE","","16 may 2024","Modificación estatutaria","CFE Suministrador de Servicios Básicos","Antecedente del régimen previo","FALTA: ANTECEDENTE O EFECTOS LIMITADOS","","","5726910","https://sidof.segob.gob.mx/notas/5726910","1648","Conservar estado histórico y cotejar relación con el instrumento posterior."
"RAD-085","12.5 CFE","","18 mar 2025","Ley","Ley de la Empresa Pública del Estado, CFE","Vigente","FALTA EN CATALOGO","","","5752329","https://sidof.segob.gob.mx/notas/5752329","1649","Extraer esta ley por separado del decreto que expidió ocho leyes."
"RAD-086","12.5 CFE","","2 jun 2025","Estatuto orgánico","Empresa Pública del Estado, CFE","Vigente","FALTA EN CATALOGO","","","5758999","https://sidof.segob.gob.mx/notas/5758999","1650","Referencia del radar; cotejar fuente completa y vigencia antes de procesar."
"RAD-087","12.5 CFE","","17 oct 2025","Plan","PLADESE: alineación de programa, generación, transmisión y distribución","Vigente","FALTA EN CATALOGO","","RAD-024","5770297","https://sidof.segob.gob.mx/notas/5770297","1651","Referencia del radar; cotejar fuente completa y vigencia antes de procesar."
"RAD-088","12.5 CFE","","2 dic 2025","Reglamento","Ley de la Empresa Pública del Estado, CFE","Vigente con fe de erratas","FALTA EN CATALOGO","","RAD-015","5774837","https://sidof.segob.gob.mx/notas/5774837","1652","Referencia del radar; cotejar fuente completa y vigencia antes de procesar."
"RAD-089","12.5 CFE","","29 dic 2025","Fe de erratas","Reglamento de CFE","Integra texto aplicable","FALTA EN CATALOGO","","RAD-016","5777392","https://sidof.segob.gob.mx/notas/5777392","1653","Referencia del radar; cotejar fuente completa y vigencia antes de procesar."
"RAD-090","12.5 CFE","","4 ago 2026","Decreto","Transparencia proactiva de filiales de CFE","Vigente desde 5 ago; criterios y publicación pendientes conforme a transitorios","FALTA EN CATALOGO","","","","https://www.dof.gob.mx/abrirPDF.php?anio=2026&archivo=04082026-VES.pdf&repo=","1654","Referencia del radar; cotejar fuente completa y vigencia antes de procesar."
"RAD-091","12.5 CFE","","19 ago 2026","Disposiciones generales","Adquisiciones, arrendamientos, servicios y obras de la CFE","Publicadas; vigentes desde 20 ago 2026","FALTA EN CATALOGO","","","","https://www.dof.gob.mx/abrirPDF.php?anio=2026&archivo=19082026-MAT.pdf&repo=","1655","Referencia del radar; cotejar fuente completa y vigencia antes de procesar."
"RAD-092","12.5 CFE","","Consulta permanente","Portal","Información corporativa, transmisión, distribución y suministro","En operación","PORTAL O COLECCION","","","","https://www.cfe.mx/","1656","No equivale a un instrumento individual; seleccionar documentos concretos."
"RAD-093","12.6 PEMEX e IMP","","4 mar 2024","Aviso","Modificaciones a su Estatuto Orgánico","Antecedente","FALTA: ANTECEDENTE O EFECTOS LIMITADOS","","","5718916","https://sidof.segob.gob.mx/notas/5718916","1664","Conservar estado histórico y cotejar relación con el instrumento posterior."
"RAD-094","12.6 PEMEX e IMP","","5 abr 2024","Aviso","Modificación a su Estatuto Orgánico","Antecedente","FALTA: ANTECEDENTE O EFECTOS LIMITADOS","","","5722453","https://sidof.segob.gob.mx/notas/5722453","1665","Conservar estado histórico y cotejar relación con el instrumento posterior."
"RAD-095","12.6 PEMEX e IMP","","10 sep 2024","Estatuto orgánico","Estatuto del Instituto Mexicano del Petróleo","**Abrogado a partir del 28 ago 2026**","FALTA: ANTECEDENTE O EFECTOS LIMITADOS","","","5738636","https://sidof.segob.gob.mx/notas/5738636","1666","Conservar estado histórico y cotejar relación con el instrumento posterior."
"RAD-096","12.6 PEMEX e IMP","","13 mar 2025","Manual","Manual de Organización General","Vigente","FALTA EN CATALOGO","","","5751783","https://sidof.segob.gob.mx/notas/5751783","1667","Referencia del radar; cotejar fuente completa y vigencia antes de procesar."
"RAD-097","12.6 PEMEX e IMP","","18 mar 2025","Ley","Ley de la Empresa Pública del Estado, PEMEX","Vigente","FALTA EN CATALOGO","","","5752329","https://sidof.segob.gob.mx/notas/5752329","1668","Extraer esta ley por separado del decreto que expidió ocho leyes."
"RAD-098","12.6 PEMEX e IMP","","30 may 2025","Aviso","Estatuto Orgánico de PEMEX","Consultar versión y aviso posterior","FALTA EN CATALOGO","","","5758825","https://sidof.segob.gob.mx/notas/5758825","1669","Referencia del radar; cotejar fuente completa y vigencia antes de procesar."
"RAD-099","12.6 PEMEX e IMP","","12 sep 2025","Aviso","Estatuto Orgánico de PEMEX","Último aviso localizado","FALTA EN CATALOGO","","","5767860","https://sidof.segob.gob.mx/notas/5767860","1670","Referencia del radar; cotejar fuente completa y vigencia antes de procesar."
"RAD-100","12.6 PEMEX e IMP","","3 dic 2025","Reglamento","Ley de la Empresa Pública del Estado, PEMEX","Vigente","FALTA EN CATALOGO","","RAD-017","5775017","https://sidof.segob.gob.mx/notas/5775017","1671","Referencia del radar; cotejar fuente completa y vigencia antes de procesar."
"RAD-101","12.6 PEMEX e IMP","","4 ago 2026","Decreto","Transparencia proactiva de filiales de PEMEX","Vigente desde 5 ago; criterios y publicación pendientes conforme a transitorios","FALTA EN CATALOGO","","RAD-090","","https://www.dof.gob.mx/abrirPDF.php?anio=2026&archivo=04082026-VES.pdf&repo=","1672","Referencia del radar; cotejar fuente completa y vigencia antes de procesar."
"RAD-102","12.6 PEMEX e IMP","","10 jun 2026","Aviso / programa","Programa Institucional Estratégico IMP 2026-2030","Publicado por aviso","FALTA EN CATALOGO","","","5790183","https://sidof.segob.gob.mx/notas/5790183","1673","Referencia del radar; cotejar fuente completa y vigencia antes de procesar."
"RAD-103","12.6 PEMEX e IMP","","27 ago 2026","Estatuto orgánico","Estatuto Orgánico del Instituto Mexicano del Petróleo","Publicado; vigente desde el 28 ago 2026","FALTA EN CATALOGO","","","5797266","https://sidof.segob.gob.mx/notas/5797266","1674","Referencia del radar; cotejar fuente completa y vigencia antes de procesar."
"RAD-104","12.6 PEMEX e IMP","","Consulta permanente","Portal","Información corporativa y normativa","En operación","PORTAL O COLECCION","","","","https://www.pemex.com/","1675","No equivale a un instrumento individual; seleccionar documentos concretos."
"RAD-105","12.7 Hidrocarburos: CNH, CNE, CENAGAS y ASEA","","12 ene 2024","Acuerdo A/080/2023","Regularización en cesión de permisos de estaciones de servicio","Vigente/transitorio","FALTA EN CATALOGO","","","5714262","https://sidof.segob.gob.mx/notas/5714262","1683","Referencia del radar; cotejar fuente completa y vigencia antes de procesar."
"RAD-106","12.7 Hidrocarburos: CNH, CNE, CENAGAS y ASEA","","26 ene 2024","Acuerdo","Importadores y cumplimiento de NOM-016-CRE-2016, calidad de petrolíferos","Vigente/transitorio","FALTA EN CATALOGO","","","5715317","https://sidof.segob.gob.mx/notas/5715317","1684","Referencia del radar; cotejar fuente completa y vigencia antes de procesar."
"RAD-107","12.7 Hidrocarburos: CNH, CNE, CENAGAS y ASEA","","31 ene 2024","Acuerdo","Modificación del Reglamento Interno de la CNH","Antecedente; CNH extinguida","FALTA: ANTECEDENTE O EFECTOS LIMITADOS","","","5715670","https://sidof.segob.gob.mx/notas/5715670","1685","Conservar estado histórico y cotejar relación con el instrumento posterior."
"RAD-108","12.7 Hidrocarburos: CNH, CNE, CENAGAS y ASEA","","19 feb 2024","Acuerdo A/066/2023","Herramienta EnerGeoCRE para estaciones de petrolíferos y gas LP","Transición institucional","FALTA EN CATALOGO","","","5717263","https://sidof.segob.gob.mx/notas/5717263","1686","Referencia del radar; cotejar fuente completa y vigencia antes de procesar."
"RAD-109","12.7 Hidrocarburos: CNH, CNE, CENAGAS y ASEA","","27 feb 2024","DACG","Participación cruzada en hidrocarburos","Vigente/transitorio","FALTA EN CATALOGO","","","5718108","https://sidof.segob.gob.mx/notas/5718108","1687","Referencia del radar; cotejar fuente completa y vigencia antes de procesar."
"RAD-110","12.7 Hidrocarburos: CNH, CNE, CENAGAS y ASEA","","22 may 2024","Modificación","Seguros mínimos en transporte, almacenamiento, distribución y expendio","Vigente/modificado","FALTA EN CATALOGO","","","5727975","https://sidof.segob.gob.mx/notas/5727975","1688","Referencia del radar; cotejar fuente completa y vigencia antes de procesar."
"RAD-111","12.7 Hidrocarburos: CNH, CNE, CENAGAS y ASEA","","16 ago 2024","Acuerdo A/60/2024","Laboratorios extranjeros y equivalencia NOM-016-CRE-2016","Vigente/transitorio","FALTA EN CATALOGO","","","5736461","https://sidof.segob.gob.mx/notas/5736461","1689","Referencia del radar; cotejar fuente completa y vigencia antes de procesar."
"RAD-112","12.7 Hidrocarburos: CNH, CNE, CENAGAS y ASEA","","30 ago 2024","Acuerdo A/089/2024","Regularización por cambio de marca/productos en estaciones","Acto de regularización","FALTA EN CATALOGO","","","5737709","https://sidof.segob.gob.mx/notas/5737709","1690","Referencia del radar; cotejar fuente completa y vigencia antes de procesar."
"RAD-113","12.7 Hidrocarburos: CNH, CNE, CENAGAS y ASEA","","30 ago 2024","Acuerdo A/090/2024","Regularización de obligaciones de estaciones de petrolíferos, gas natural y gas LP","Ampliado en 2025","FALTA EN CATALOGO","","","5737710","https://sidof.segob.gob.mx/notas/5737710","1691","Referencia del radar; cotejar fuente completa y vigencia antes de procesar."
"RAD-114","12.7 Hidrocarburos: CNH, CNE, CENAGAS y ASEA","","20 dic 2024","Lineamientos","Construcción y mantenimiento de pozos","Vigente/transitorio","FALTA EN CATALOGO","","","5745908","https://sidof.segob.gob.mx/notas/5745908","1692","Referencia del radar; cotejar fuente completa y vigencia antes de procesar."
"RAD-115","12.7 Hidrocarburos: CNH, CNE, CENAGAS y ASEA","","28 ene 2025","Acuerdo","Simplificación en exploración y extracción","Transición institucional","FALTA EN CATALOGO","","","5747885","https://sidof.segob.gob.mx/notas/5747885","1693","Referencia del radar; cotejar fuente completa y vigencia antes de procesar."
"RAD-116","12.7 Hidrocarburos: CNH, CNE, CENAGAS y ASEA","","29 ene 2025","Acuerdo A/169/2024","Amplía vigencia del programa de regularización A/090/2024","Acto temporal","FALTA EN CATALOGO","","","5748017","https://sidof.segob.gob.mx/notas/5748017","1694","Referencia del radar; cotejar fuente completa y vigencia antes de procesar."
"RAD-117","12.7 Hidrocarburos: CNH, CNE, CENAGAS y ASEA","","7 mar 2025","Acuerdo","Registro de plantas de gas LP y estaciones de gasolinas/diésel/gas LP","Vigente","FALTA EN CATALOGO","","","5751221","https://sidof.segob.gob.mx/notas/5751221","1695","Referencia del radar; cotejar fuente completa y vigencia antes de procesar."
"RAD-118","12.7 Hidrocarburos: CNH, CNE, CENAGAS y ASEA","","24 mar 2025","Lineamientos","Investigación, desarrollo tecnológico e innovación en hidrocarburos","Vigente","FALTA EN CATALOGO","","","5752674","https://sidof.segob.gob.mx/notas/5752674","1696","Referencia del radar; cotejar fuente completa y vigencia antes de procesar."
"RAD-119","12.7 Hidrocarburos: CNH, CNE, CENAGAS y ASEA","","6 may 2025","Modificación","Expendio simultáneo de petrolíferos y/o gas natural","Vigente","FALTA EN CATALOGO","","","5756445","https://sidof.segob.gob.mx/notas/5756445","1697","Referencia del radar; cotejar fuente completa y vigencia antes de procesar."
"RAD-120","12.7 Hidrocarburos: CNH, CNE, CENAGAS y ASEA","","6 may 2025","Modificación","Transporte terrestre por ductos de petróleo, petrolíferos y petroquímicos","Vigente","FALTA EN CATALOGO","","","5756444","https://sidof.segob.gob.mx/notas/5756444","1698","Referencia del radar; cotejar fuente completa y vigencia antes de procesar."
"RAD-121","12.7 Hidrocarburos: CNH, CNE, CENAGAS y ASEA","","21 may 2025","Modificación","Instalaciones de licuefacción de gas natural","Vigente","FALTA EN CATALOGO","","","5757818","https://sidof.segob.gob.mx/notas/5757818","1699","Referencia del radar; cotejar fuente completa y vigencia antes de procesar."
"RAD-122","12.7 Hidrocarburos: CNH, CNE, CENAGAS y ASEA","","11 jul 2025","Simplificación","Permiso de expendio al público en estación de petrolíferos","Vigente con formato posterior","FALTA EN CATALOGO","","","5762728","https://sidof.segob.gob.mx/notas/5762728","1700","Referencia del radar; cotejar fuente completa y vigencia antes de procesar."
"RAD-123","12.7 Hidrocarburos: CNH, CNE, CENAGAS y ASEA","","1 sep 2025","NOM-020-ASEA-2024","Transporte de gas natural por ductos terrestres","Vigente","FALTA EN CATALOGO","","","5767026","https://sidof.segob.gob.mx/notas/5767026","1701","Referencia del radar; cotejar fuente completa y vigencia antes de procesar."
"RAD-124","12.7 Hidrocarburos: CNH, CNE, CENAGAS y ASEA","","2 sep 2025","NOM-019-ASEA-2024","Instalaciones de procesamiento de gas natural","Vigente","FALTA EN CATALOGO","","","5767064","https://sidof.segob.gob.mx/notas/5767064","1702","Referencia del radar; cotejar fuente completa y vigencia antes de procesar."
"RAD-125","12.7 Hidrocarburos: CNH, CNE, CENAGAS y ASEA","","23 sep 2025","DACG","Balizado y GPS de transporte/distribución de petrolíferos, gas LP y petroquímicos","Modificado 3 dic 2025","FALTA EN CATALOGO","","","5768321","https://sidof.segob.gob.mx/notas/5768321","1703","Referencia del radar; cotejar fuente completa y vigencia antes de procesar."
"RAD-126","12.7 Hidrocarburos: CNH, CNE, CENAGAS y ASEA","","3 oct 2025","NOM de emergencia","Transporte de gas LP","Prorrogada 1 abr 2026","FALTA EN CATALOGO","","","5769160","https://sidof.segob.gob.mx/notas/5769160","1704","Referencia del radar; cotejar fuente completa y vigencia antes de procesar."
"RAD-127","12.7 Hidrocarburos: CNH, CNE, CENAGAS y ASEA","","6 oct 2025","Formato","Solicitud simplificada para estaciones de petrolíferos","Vigente","FALTA EN CATALOGO","","","5769306","https://sidof.segob.gob.mx/notas/5769306","1705","Referencia del radar; cotejar fuente completa y vigencia antes de procesar."
"RAD-128","12.7 Hidrocarburos: CNH, CNE, CENAGAS y ASEA","","3 dic 2025","Modificación","Balizado y GPS","Integra el texto aplicable","FALTA EN CATALOGO","","","5775029","https://sidof.segob.gob.mx/notas/5775029","1706","Referencia del radar; cotejar fuente completa y vigencia antes de procesar."
"RAD-129","12.7 Hidrocarburos: CNH, CNE, CENAGAS y ASEA","","11 dic 2025","Acuerdo","Casos fortuitos y fuerza mayor en contratos de exploración y extracción","Vigente","FALTA EN CATALOGO","","","5775808","https://sidof.segob.gob.mx/notas/5775808","1707","Referencia del radar; cotejar fuente completa y vigencia antes de procesar."
"RAD-130","12.7 Hidrocarburos: CNH, CNE, CENAGAS y ASEA","","24 dic 2025","Programa","Regularización extraordinaria de instalaciones de gasolinas y gas LP","Acto temporal","FALTA EN CATALOGO","","","5777046","https://sidof.segob.gob.mx/notas/5777046","1708","Referencia del radar; cotejar fuente completa y vigencia antes de procesar."
"RAD-131","12.7 Hidrocarburos: CNH, CNE, CENAGAS y ASEA","","20 ene 2026","Acuerdo","Deja parcialmente insubsistente metodología anterior de precios máximos de gas LP","Sustituida por nueva metodología","FALTA: ANTECEDENTE O EFECTOS LIMITADOS","","","5778484","https://sidof.segob.gob.mx/notas/5778484","1709","Conservar estado histórico y cotejar relación con el instrumento posterior."
"RAD-132","12.7 Hidrocarburos: CNH, CNE, CENAGAS y ASEA","","21 ene 2026","Metodología","Precios máximos de gas LP a usuario final","Vigente","FALTA EN CATALOGO","","","5778559","https://sidof.segob.gob.mx/notas/5778559","1710","Referencia del radar; cotejar fuente completa y vigencia antes de procesar."
"RAD-133","12.7 Hidrocarburos: CNH, CNE, CENAGAS y ASEA","","12 mar 2026","Acuerdo/formatos","Actualización de parque vehicular en petrolíferos, gas LP y petroquímicos","Vigente","FALTA EN CATALOGO","","","5782061","https://sidof.segob.gob.mx/notas/5782061","1711","Referencia del radar; cotejar fuente completa y vigencia antes de procesar."
"RAD-134","12.7 Hidrocarburos: CNH, CNE, CENAGAS y ASEA","","1 abr 2026","Prórroga","NOM-EM-006-ASEA-2025, transporte de gas LP","Prorrogada seis meses","FALTA EN CATALOGO","","","5783846","https://sidof.segob.gob.mx/notas/5783846","1712","Referencia del radar; cotejar fuente completa y vigencia antes de procesar."
"RAD-135","12.7 Hidrocarburos: CNH, CNE, CENAGAS y ASEA","","30 abr 2026","Programa","PRONAGAS: ordenamiento de instalaciones de gasolinas y gas LP","Vigente","FALTA EN CATALOGO","","","5786354","https://sidof.segob.gob.mx/notas/5786354","1713","Referencia del radar; cotejar fuente completa y vigencia antes de procesar."
"RAD-136","12.7 Hidrocarburos: CNH, CNE, CENAGAS y ASEA","","12 jun 2026","Programa institucional","Programa Institucional CENAGAS 2026-2030","Publicado","FALTA EN CATALOGO","","","5790453","https://sidof.segob.gob.mx/notas/5790453","1714","Referencia del radar; cotejar fuente completa y vigencia antes de procesar."
"RAD-137","12.7 Hidrocarburos: CNH, CNE, CENAGAS y ASEA","","14 ago 2026","Convocatoria","Renovación de representantes de personas usuarias y usuarias finales del Comité Consultivo del SISTRANGAS","Recepción hasta 18 sep 2026; resultados a más tardar 2 oct 2026","FALTA EN CATALOGO","","","","https://www.dof.gob.mx/abrirPDF.php?anio=2026&archivo=14082026-MAT.pdf&repo=","1715","Referencia del radar; cotejar fuente completa y vigencia antes de procesar."
"RAD-138","12.7 Hidrocarburos: CNH, CNE, CENAGAS y ASEA","","13 jul 2026","Oficio de autorización","Montos por tres productos y 22 aprovechamientos de servicios de ASEA","Referencia operativa; no modifica la arquitectura sectorial","FALTA EN CATALOGO","","","5793380","https://sidof.segob.gob.mx/notas/5793380","1716","Referencia del radar; cotejar fuente completa y vigencia antes de procesar."
"RAD-139","12.7 Hidrocarburos: CNH, CNE, CENAGAS y ASEA","","11 ago 2026","Acuerdo / programa temporal","Registro de instalaciones con despacho para autoconsumo de petrolíferos sin permiso","Vigente; inscripción hasta 31 dic 2026; la constancia no constituye permiso","FALTA EN CATALOGO","","","","https://www.dof.gob.mx/abrirPDF.php?anio=2026&archivo=11082026-MAT.pdf&repo=","1717","Referencia del radar; cotejar fuente completa y vigencia antes de procesar."
"RAD-140","12.7 Hidrocarburos: CNH, CNE, CENAGAS y ASEA","","7 sep 2026","Plan","Plan de Desarrollo del Sector Hidrocarburos (PLADESHi)","Publicado y vigente; instrumento rector con escenarios 2025-2039","FALTA EN CATALOGO","","RAD-048","5798065","https://sidof.segob.gob.mx/notas/5798065","1718","Referencia del radar; cotejar fuente completa y vigencia antes de procesar."
"RAD-141","12.7 Hidrocarburos: CNH, CNE, CENAGAS y ASEA","","Consulta permanente","Portal","SISTRANGAS, capacidad e información institucional","En operación","PORTAL O COLECCION","","","","https://www.gob.mx/cenagas","1719","No equivale a un instrumento individual; seleccionar documentos concretos."
"RAD-142","12.7 Hidrocarburos: CNH, CNE, CENAGAS y ASEA","Normas y convocatorias ASEA de almacenamiento y gas para seguimiento","24 jul 2024","Convocatoria NOM-015-ASEA-2023","Descompresión de gas natural comprimido","","FALTA EN CATALOGO","","","5734389","https://sidof.segob.gob.mx/notas/5734389","1725","Referencia del radar; cotejar fuente completa y vigencia antes de procesar."
"RAD-143","12.7 Hidrocarburos: CNH, CNE, CENAGAS y ASEA","Normas y convocatorias ASEA de almacenamiento y gas para seguimiento","30 jul 2024","Convocatoria NOM-018-ASEA-2023","Plantas de distribución de gas LP","","FALTA EN CATALOGO","","","5734780","https://sidof.segob.gob.mx/notas/5734780","1726","Referencia del radar; cotejar fuente completa y vigencia antes de procesar."
"RAD-144","12.7 Hidrocarburos: CNH, CNE, CENAGAS y ASEA","Normas y convocatorias ASEA de almacenamiento y gas para seguimiento","14 ago 2024","Convocatoria NOM-017-ASEA-2023","Instalaciones de almacenamiento de gas LP","","FALTA EN CATALOGO","","","5736163","https://sidof.segob.gob.mx/notas/5736163","1727","Referencia del radar; cotejar fuente completa y vigencia antes de procesar."
"RAD-145","12.7 Hidrocarburos: CNH, CNE, CENAGAS y ASEA","Normas y convocatorias ASEA de almacenamiento y gas para seguimiento","25 sep 2024","Convocatoria NOM-011-ASEA-2019","Bodegas de distribución y expendio de gas LP","","FALTA EN CATALOGO","","","5739627","https://sidof.segob.gob.mx/notas/5739627","1728","Referencia del radar; cotejar fuente completa y vigencia antes de procesar."
"RAD-146","12.7 Hidrocarburos: CNH, CNE, CENAGAS y ASEA","Normas y convocatorias ASEA de almacenamiento y gas para seguimiento","17 jul 2025","Convocatoria","Terceros para dictamen de taponamiento de pozos","","FALTA EN CATALOGO","","","5763176","https://sidof.segob.gob.mx/notas/5763176","1729","Referencia del radar; cotejar fuente completa y vigencia antes de procesar."
"RAD-147","12.7 Hidrocarburos: CNH, CNE, CENAGAS y ASEA","Normas y convocatorias ASEA de almacenamiento y gas para seguimiento","23 dic 2025","Convocatoria NOM-019-ASEA-2024","Procesamiento de gas natural","","FALTA EN CATALOGO","","","5776908","https://sidof.segob.gob.mx/notas/5776908","1730","Referencia del radar; cotejar fuente completa y vigencia antes de procesar."
"RAD-148","12.7 Hidrocarburos: CNH, CNE, CENAGAS y ASEA","Normas y convocatorias ASEA de almacenamiento y gas para seguimiento","23 dic 2025","Convocatoria NOM-020-ASEA-2024","Transporte de gas natural por ductos","","FALTA EN CATALOGO","","","5776907","https://sidof.segob.gob.mx/notas/5776907","1731","Referencia del radar; cotejar fuente completa y vigencia antes de procesar."
"RAD-149","12.7 Hidrocarburos: CNH, CNE, CENAGAS y ASEA","Normas y convocatorias ASEA de almacenamiento y gas para seguimiento","7 sep 2026","Consulta pública PROY-NOM-030-ASEA-2026","Distribución de gas LP mediante auto-tanque y vehículo de reparto; proyecto sujeto a 60 días naturales de comentarios","","FALTA: PROYECTO O CONSULTA","","","5798063","https://sidof.segob.gob.mx/notas/5798063","1732","No clasificar como NOM definitiva; comprobar estatus antes de cargar."
"RAD-150","12.8 CONUEE, eficiencia energética y transición","","11 jun 2024","Manual","Manual de Organización General","Vigente/transitorio","FALTA EN CATALOGO","","","5730078","https://sidof.segob.gob.mx/notas/5730078","1738","Referencia del radar; cotejar fuente completa y vigencia antes de procesar."
"RAD-151","12.8 CONUEE, eficiencia energética y transición","","10 sep 2024","DACG","Electromovilidad e infraestructura de carga","Vigente/transitorio","FALTA EN CATALOGO","","RAD-064","5738646","https://sidof.segob.gob.mx/notas/5738646","1739","Referencia del radar; cotejar fuente completa y vigencia antes de procesar."
"RAD-152","12.8 CONUEE, eficiencia energética y transición","","12 mar 2025","DACG","Eficiencia en inmuebles, flotas e instalaciones industriales APF 2025","Aplicación 2025","FALTA: ANTECEDENTE O EFECTOS LIMITADOS","","","5751673","https://sidof.segob.gob.mx/notas/5751673","1740","Conservar estado histórico y cotejar relación con el instrumento posterior."
"RAD-153","12.8 CONUEE, eficiencia energética y transición","","28 abr 2025","NOM-004-ENER-2025","Conjuntos motor-bomba y motobombas","Vigente","FALTA EN CATALOGO","","","5755989","https://sidof.segob.gob.mx/notas/5755989","1741","Referencia del radar; cotejar fuente completa y vigencia antes de procesar."
"RAD-154","12.8 CONUEE, eficiencia energética y transición","","29 abr 2025","NOM-011-ENER-2025","Aire acondicionado central, paquete o dividido","Vigente","FALTA EN CATALOGO","","","5756076","https://sidof.segob.gob.mx/notas/5756076","1742","Referencia del radar; cotejar fuente completa y vigencia antes de procesar."
"RAD-155","12.8 CONUEE, eficiencia energética y transición","","2 jun 2025","NOM-014-ENER-2025","Motores monofásicos","Vigente","FALTA EN CATALOGO","","","5758923","https://sidof.segob.gob.mx/notas/5758923","1743","Referencia del radar; cotejar fuente completa y vigencia antes de procesar."
"RAD-156","12.8 CONUEE, eficiencia energética y transición","","19 ago 2025","NOM-016-ENER-2025","Motores trifásicos","Vigente","FALTA EN CATALOGO","","","5765860","https://sidof.segob.gob.mx/notas/5765860","1744","Referencia del radar; cotejar fuente completa y vigencia antes de procesar."
"RAD-157","12.8 CONUEE, eficiencia energética y transición","","20 ago 2025","NOM-035-ENER-2025","Aire acondicionado unitario","Vigente","FALTA EN CATALOGO","","","5766188","https://sidof.segob.gob.mx/notas/5766188","1745","Referencia del radar; cotejar fuente completa y vigencia antes de procesar."
"RAD-158","12.8 CONUEE, eficiencia energética y transición","","4 nov 2025","NOM-036-ENER/SE-2025","Estufas de leña, eficiencia y seguridad","Vigente","FALTA EN CATALOGO","","","5771767","https://sidof.segob.gob.mx/notas/5771767","1746","Referencia del radar; cotejar fuente completa y vigencia antes de procesar."
"RAD-159","12.8 CONUEE, eficiencia energética y transición","","11 dic 2025","Reglas de operación","Comité Consultivo Nacional de Normalización de Transición Energética","Vigente","FALTA EN CATALOGO","","","5775809","https://sidof.segob.gob.mx/notas/5775809","1747","Referencia del radar; cotejar fuente completa y vigencia antes de procesar."
"RAD-160","12.8 CONUEE, eficiencia energética y transición","","12 mar 2026","Acuerdo","Simplificación de trámites","Vigente","FALTA EN CATALOGO","","","5782060","https://sidof.segob.gob.mx/notas/5782060","1748","Referencia del radar; cotejar fuente completa y vigencia antes de procesar."
"RAD-161","12.8 CONUEE, eficiencia energética y transición","","11 sep 2026","Disposiciones reglamentarias","Catálogo de Equipos y Aparatos, reporte de consumo y formatos","Vigentes desde el 12 sep 2026; sustituyen catálogo de 2023 y formatos de 2020","FALTA EN CATALOGO","","","5798667","https://sidof.segob.gob.mx/notas/5798667","1749","Referencia del radar; cotejar fuente completa y vigencia antes de procesar."
"RAD-162","12.8 CONUEE, eficiencia energética y transición","","14 sep 2026","Proyectos NOM","PROY-NOM-007-ENER-2026 y PROY-NOM-013-ENER-2026, eficiencia de alumbrado","En consulta por 60 días naturales; aún no vigentes como NOM","FALTA: PROYECTO O CONSULTA","","","","https://www.dof.gob.mx/abrirPDF.php?anio=2026&archivo=14092026-MAT.pdf&repo=","1750","No clasificar como NOM definitiva; comprobar estatus antes de cargar."
"RAD-163","12.8 CONUEE, eficiencia energética y transición","","27 mar 2026","Proyectos NOM","Lavadoras comerciales, microondas y calentadores eléctricos","En consulta al corte","FALTA: PROYECTO O CONSULTA","","","5783447 ; 5783448 ; 5783449","https://sidof.segob.gob.mx/notas/5783447 ; https://sidof.segob.gob.mx/notas/5783448 ; https://sidof.segob.gob.mx/notas/5783449","1751","No clasificar como NOM definitiva; comprobar estatus antes de cargar."
"RAD-164","12.8 CONUEE, eficiencia energética y transición","","23 jun 2026","Proyectos NOM","Calentadores solares y ventiladores","En consulta al corte","FALTA: PROYECTO O CONSULTA","","","5791368 ; 5791369","https://sidof.segob.gob.mx/notas/5791368 ; https://sidof.segob.gob.mx/notas/5791369","1752","No clasificar como NOM definitiva; comprobar estatus antes de cargar."
"RAD-165","12.8 CONUEE, eficiencia energética y transición","","23 jul 2026","NOM-022-ENER/SE-2025","Refrigeración comercial autocontenida: eficiencia, seguridad, pruebas y etiquetado","Publicada; entrada en vigor en 180 días naturales","FALTA EN CATALOGO","","","5794525","https://sidof.segob.gob.mx/notas/5794525","1753","Referencia del radar; cotejar fuente completa y vigencia antes de procesar."
"RAD-166","12.8 CONUEE, eficiencia energética y transición","","26 ago 2026","Suplemento de programa de normalización","Modificación de la NOM-002-SEDE/ENER-2014 para transformadores de distribución","Inscrita por primera vez; modificación aún no publicada","FALTA EN CATALOGO","","","","https://www.dof.gob.mx/abrirPDF.php?anio=2026&archivo=26082026-MAT.pdf&repo=","1754","Referencia del radar; cotejar fuente completa y vigencia antes de procesar."
"RAD-167","12.8 CONUEE, eficiencia energética y transición","","Consulta permanente","Portal","Normas, programas y herramientas","En operación","PORTAL O COLECCION","","","","https://www.gob.mx/conuee","1755","No equivale a un instrumento individual; seleccionar documentos concretos."
"RAD-168","12.9 LitioMx, INEEL, IMP e ININ","","24 jul 2026","Aviso / programa","Programa Institucional de Litio para México 2026-2030","Publicado","FALTA EN CATALOGO","","","5794681","https://sidof.segob.gob.mx/notas/5794681","1761","Referencia del radar; cotejar fuente completa y vigencia antes de procesar."
"RAD-169","12.9 LitioMx, INEEL, IMP e ININ","","17 sep 2024","Aviso","Manual de Organización General","Publicado por aviso","FALTA EN CATALOGO","","","5739127","https://sidof.segob.gob.mx/notas/5739127","1762","Referencia del radar; cotejar fuente completa y vigencia antes de procesar."
"RAD-170","12.9 LitioMx, INEEL, IMP e ININ","","10 sep 2024","Estatuto","Estatuto Orgánico","**Abrogado a partir del 28 ago 2026**","FALTA: ANTECEDENTE O EFECTOS LIMITADOS","","RAD-095","5738636","https://sidof.segob.gob.mx/notas/5738636","1763","Conservar estado histórico y cotejar relación con el instrumento posterior."
"RAD-171","12.9 LitioMx, INEEL, IMP e ININ","","13 mar 2025","Manual","Manual de Organización General","Vigente","FALTA EN CATALOGO","","RAD-096","5751783","https://sidof.segob.gob.mx/notas/5751783","1764","Referencia del radar; cotejar fuente completa y vigencia antes de procesar."
"RAD-172","12.9 LitioMx, INEEL, IMP e ININ","","1 abr 2026","Aviso / programa","Programa Institucional ININ 2026-2030","Actualizado posteriormente","FALTA EN CATALOGO","","","5783849","https://sidof.segob.gob.mx/notas/5783849","1765","Referencia del radar; cotejar fuente completa y vigencia antes de procesar."
"RAD-173","12.9 LitioMx, INEEL, IMP e ININ","","1 jun 2026","Programa","Programa Institucional INEEL 2026-2030","Vigente","FALTA EN CATALOGO","","","5789107","https://sidof.segob.gob.mx/notas/5789107","1766","Referencia del radar; cotejar fuente completa y vigencia antes de procesar."
"RAD-174","12.9 LitioMx, INEEL, IMP e ININ","","10 jun 2026","Aviso / programa","Programa Institucional Estratégico IMP 2026-2030","Vigente","FALTA EN CATALOGO","","RAD-102","5790183","https://sidof.segob.gob.mx/notas/5790183","1767","Referencia del radar; cotejar fuente completa y vigencia antes de procesar."
"RAD-175","12.9 LitioMx, INEEL, IMP e ININ","","27 ago 2026","Estatuto orgánico","Estatuto Orgánico del Instituto Mexicano del Petróleo","Publicado; vigente desde el 28 ago 2026","FALTA EN CATALOGO","","RAD-103","5797266","https://sidof.segob.gob.mx/notas/5797266","1768","Referencia del radar; cotejar fuente completa y vigencia antes de procesar."
"RAD-176","12.9 LitioMx, INEEL, IMP e ININ","","10 jun 2026","Aviso / actualización","Actualización del Programa Institucional ININ 2026-2030","Última localizada","FALTA EN CATALOGO","","","5790184","https://sidof.segob.gob.mx/notas/5790184","1769","Referencia del radar; cotejar fuente completa y vigencia antes de procesar."
"RAD-177","12.9 LitioMx, INEEL, IMP e ININ","","Consulta permanente","Portal","Investigación eléctrica y energías limpias","En operación","PORTAL O COLECCION","","","","https://www.ineel.mx/","1770","No equivale a un instrumento individual; seleccionar documentos concretos."
"RAD-178","12.9 LitioMx, INEEL, IMP e ININ","","Consulta permanente","Portal","Investigación y servicios en hidrocarburos","En operación","PORTAL O COLECCION","","","","https://www.gob.mx/imp","1771","No equivale a un instrumento individual; seleccionar documentos concretos."
"RAD-179","12.9 LitioMx, INEEL, IMP e ININ","","Consulta permanente","Portal","Investigación nuclear","En operación","PORTAL O COLECCION","","","","https://www.gob.mx/inin","1772","No equivale a un instrumento individual; seleccionar documentos concretos."